"SNP.N","Trait.name","Method","SNP","Chromosome","Position","P.value"
"122","FNsmall","mrMLM","PstI.TP890801",2,72613106,0.000137900233008799
"122","FNsmall","FASTmrMLM","PstI.TP651320",5,35481232,0.000175994866380147
"122","FNsmall","pLARmEB","PstI.TP651320",5,35481232,7.00486871231682e-07
"122","FNsmall","pLARmEB","PstI.TP745785",6,45615805,5.15228644581756e-05
"122","FNsmall","pKWmEB","PstI.TP651320",5,35481232,0.000175994866380147
"122","FNsmall","FarmCPU","PstI.TP651320",5,35481232,2.06770146439695e-08
"122","FNsmall","FarmCPU","PstI.TP82277",11,687,1.70192098721263e-05
