"SNP.N","Trait.name","Method","SNP","Chromosome","Position","P.value"
"122","HD_1","mrMLM","PstI.TP360841",2,2832783,1.90017237517031e-08
"122","HD_1","mrMLM","PstI.TP325958",3,54129415,8.37847542183371e-07
"122","HD_1","FASTmrMLM","PstI.TP360841",2,2832783,5.37155466748664e-07
"122","HD_1","FASTmrEMMA","PstI.TP457393",1,60097068,3.67113199687964e-06
"122","HD_1","FASTmrEMMA","PstI.TP360841",2,2832783,1.1890496789851e-06
"122","HD_1","pLARmEB","PstI.TP1268585",1,2988383,6.39587548050826e-05
"122","HD_1","pLARmEB","PstI.TP360841",2,2832783,1.14051237000724e-08
"122","HD_1","pLARmEB","PstI.TP935651",4,66370793,1.0582785655889e-06
"122","HD_1","pLARmEB","PstI.TP444076",11,3404,0.000111583505228867
"122","HD_1","pKWmEB","PstI.TP360841",2,2832783,5.05591774766219e-05
"122","HD_1","pKWmEB","PstI.TP935651",4,66370793,3.94729877659786e-05
"122","HD_1","ISIS EM-BLASSO","PstI.TP1268585",1,2988383,8.63376055597439e-05
"122","HD_1","ISIS EM-BLASSO","PstI.TP457393",1,60097068,0.00016896626340487
"122","HD_1","ISIS EM-BLASSO","PstI.TP360841",2,2832783,1.33168037626998e-07
"122","HD_1","ISIS EM-BLASSO","NsiI.TP436966",3,208286,2.20191221148448e-07
"122","HD_1","ISIS EM-BLASSO","PstI.TP269566",3,63644939,3.97466014457637e-05
"122","HD_1","ISIS EM-BLASSO","PstI.TP337951",4,40615943,5.08744819644691e-06
"122","HD_1","FarmCPU","PstI.TP249296",2,57415075,1.27668312397285e-06
"122","HD_1","FarmCPU","PstI.TP1069784",2,63643324,3.50985130778249e-06
"122","HD_1","FarmCPU","NsiI.TP560012",11,16067,4.90993126786406e-06
"122","HD_1","FarmCPU","PstI.TP820348",1,64116607,6.14047167799184e-06
