CV,Effect
1,-0.0994990223882724
2,-0.121442051815848
3,-0.109789068611917
4,-0.184449221937939
5,-0.0542955112757681
6,-0.0969781313444855
7,-0.089549330689124
8,-0.0739614265826276
