CV,Effect
1,1.46162046202335
2,1.41468881001038
3,1.43440300040584
4,1.15552990749802
5,1.66291950953291
6,1.50883715745022
7,1.54599602336202
8,1.59657475820495
