CV,Effect
1,-0.384845096333265
2,-0.435239942202315
3,-0.413696250523117
4,-0.557165794726188
5,-0.290393965507519
6,-0.381087587998991
7,-0.368975311049326
8,-0.336931606169401
