CV,Effect
1,0.228804629645538
2,0.187913103224219
3,0.205788215295797
4,0.0758465821393202
5,0.315303115108691
6,0.235381197723655
7,0.243593313294923
8,0.275797336628784
