CV,Effect
1,-179.10462799207
2,-181.19528673969
3,-181.842020519907
4,-182.689637296004
5,-180.127618302722
6,-182.614060736829
7,-186.28879450183
8,-178.915314931233
