CV,Effect
1,1.43445184371285
2,1.37024335474962
3,1.40019725024467
4,1.06137107521954
5,1.67179298743758
6,1.48277094694276
7,1.52940907747234
8,1.58898897260769
