CV,Effect
1,0.121332811095215
2,0.113117487702027
3,0.115857372681376
4,0.0945263187345518
5,0.136983414112649
6,0.122271037616031
7,0.123025787745348
8,0.12979246567221
