CV,Effect
1,0.497121299802643
2,0.479580358784915
3,0.484192771529365
4,0.436133546645578
5,0.53242429505201
6,0.500284267275447
7,0.5010744347627
8,0.515532608979925
