CV,Effect
1,0.466315146580882
2,0.452457021347527
3,0.457137972488226
4,0.406145817638389
5,0.505339315584365
6,0.47211383129104
7,0.476895347042273
8,0.488164516757251
