CV,Effect
1,6.78780709573766
2,6.28635150299669
3,6.49426550950375
4,4.79071904352531
5,7.95356588629875
6,6.90753647901147
7,6.96225875041637
8,7.44080311198195
