CV,Effect
1,0.204145496165211
2,0.196151665664161
3,0.198807986630129
4,0.169877674806116
5,0.226357682464652
6,0.207604252307419
7,0.209102210312494
8,0.216710467238499
