CV,Effect
1,6.40284845449787
2,6.04907815384649
3,6.19230792583403
4,4.93128388714467
5,7.29618236886745
6,6.50526478122265
7,6.53605253342175
8,6.90973738112734
