CV,Effect
1,-0.0649511599594916
2,-0.125981324465101
3,-0.100889858324081
4,-0.288395522682094
5,0.0686819614520573
6,-0.0541899191780431
7,-0.0424418551297094
8,0.00782296427814799
