CV,Effect
1,1.90154917695691
2,1.57528548562004
3,1.72092106858508
4,0.669823312407971
5,2.57683225047549
6,1.95531972192293
7,1.99800847472943
8,2.27198548307751
