CV,Effect
1,0.791874964306771
2,0.724347719378784
3,0.752497482266335
4,0.535524928418909
5,0.949194874127897
6,0.806452777977029
7,0.816647889312662
8,0.879324927773723
