CV,Effect
1,0.768778275491059
2,0.743286574098875
3,0.755111921144362
4,0.618502103343417
5,0.869239554800515
6,0.787732837531621
7,0.8132353610888
8,0.829452747194637
