CV,Effect
1,-0.103596100829918
2,-0.131169212416125
3,-0.119049988813231
4,-0.217778887590612
5,-0.0246734924025986
6,-0.0936005972189378
7,-0.0912725893092556
8,-0.0557531280005605
