CV,Effect
1,-223.737953743839
2,-224.929162843007
3,-225.423936577718
4,-225.273401275495
5,-223.551624651096
6,-226.357277606236
7,-229.512560637886
8,-222.657916404656
