CV,Effect
1,6.01386004953383
2,4.54436921869637
3,3.8889049073041
4,5.0859503656684
5,5.08487938901089
6,4.1281891785402
7,3.01397597315372
8,5.5182468012863
