CV,Effect
1,0.772179040581705
2,0.719569673422939
3,0.741123633012648
4,0.570935465696039
5,0.900813399989147
6,0.78494461127184
7,0.791455989700808
8,0.844451218721588
