CV,Effect
1,2.15031225259827
2,2.05140529347409
3,2.0824443985066
4,1.73986889321077
5,2.39876036713849
6,2.18644399371351
7,2.20033508030519
8,2.29001674992196
