CV,Effect
1,-0.297091177951643
2,-0.33073160148092
3,-0.309714214611859
4,-0.424182019246473
5,-0.235741689976749
6,-0.295535452238482
7,-0.283863986416918
8,-0.258686314936767
