CV,Effect
1,2.02470876717962
2,1.91745504521623
3,1.95459734256383
4,1.65002619512961
5,2.23507103957763
6,2.04117358078292
7,2.0578759863065
8,2.1408734869874
