"","SNP","Chromosome","Position","GLM.HD_1","MLM.HD_1","CMLM.HD_1","SUPER.HD_1","rrBLUP.HD_1","Adj.P.GLM.HD_1","Adj.P.MLM.HD_1","Adj.P.CMLM.HD_1","Adj.P.SUPER.HD_1","Adj.P.rrBLUP.HD_1"
"3079","PstI.TP1004938",1,72895372,0.00945651580367836,0.0280432268560007,0.0280432268560007,3.36323771253153e-06,0.00677799902215308,0.326329678093602,0.998993121102616,0.998993121102616,0.0259761778069198,1
"3455","NsiI.TP528762",1,76435180,0.00854093917947178,0.0115935632534398,0.0115935632534398,1.02216832386229e-05,1,0.322984937236633,0.998993121102616,0.998993121102616,0.0459775849269295,1
"4137","PstI.TP14467",10,3103147,0.00422140915256716,0.0261227316973239,0.0261227316973239,4.31880588676343e-06,0.486439354059481,0.298534389695331,0.998993121102616,0.998993121102616,0.0259761778069198,1
"5229","NsiI.TP652320",10,54138549,0.00538024943815468,0.00149569742723843,0.00149569742723843,1.14663673338053e-05,0.922828825846373,0.305290877813803,0.998993121102616,0.998993121102616,0.0459775849269295,1
"11287","PstI.TP989816",11,6875,0.00811611325923255,0.018012709895419,0.018012709895419,1.14216743039152e-05,1,0.322204726909471,0.998993121102616,0.998993121102616,0.0459775849269295,1
"12296","PstI.TP1165702",11,8193,0.00235695953583273,0.000578682144898466,0.000578682144898466,1.21464041978046e-06,0.794347476031623,0.282584570528676,0.998993121102616,0.998993121102616,0.0259761778069198,1
"15508","NsiI.TP318460",11,12617,0.000716427483406166,0.00830882899527366,0.00830882899527366,1.94915713770432e-06,0.940442475017182,0.258997766608299,0.998993121102616,0.998993121102616,0.0259761778069198,1
"19142","NsiI.TP689875",11,17622,4.16673771635913e-05,0.000572105788789802,0.000572105788789802,3.68500167211324e-06,1,0.258997766608299,0.998993121102616,0.998993121102616,0.0259761778069198,1
"19240","NsiI.TP701971",11,17760,0.000280799000343886,0.00122092165456235,0.00122092165456235,2.45846265432203e-06,0.439827341539292,0.258997766608299,0.998993121102616,0.998993121102616,0.0259761778069198,1
