Number of PCs/Covariates,BIC (larger is better) - Schwarz 1978,log Likelihood Function Value
0,120.530001391726,127.660386678386
1,118.306065845916,127.813246228128
2,116.153084093741,128.037059571507
3,114.040607697523,128.301378270842
