Number of PCs/Covariates,BIC (larger is better) - Schwarz 1978,log Likelihood Function Value
0,886.955995387405,894.162026954505
1,885.10613859101,894.714180680477
2,882.706947581916,894.717000193749
3,880.560853235091,894.97291636929
