Number of PCs/Covariates,BIC (larger is better) - Schwarz 1978,log Likelihood Function Value
0,-31.3945299276871,-24.2641446410276
1,-33.5563080415881,-24.0491276593753
2,-35.6375450837186,-23.7535696059527
3,-37.6910878599995,-23.4303172866804
