Number of PCs/Covariates,BIC (larger is better) - Schwarz 1978,log Likelihood Function Value
0,-136.704149496788,-129.535464257121
1,-137.975453868218,-128.417206881995
2,-139.022634237313,-127.074825504534
3,-141.434698779476,-127.097328300141
