Number of PCs/Covariates,BIC (larger is better) - Schwarz 1978,log Likelihood Function Value
0,124.022648970892,131.153034257552
1,121.837887184824,131.345067567037
2,119.740897135665,131.624872613431
3,117.646226729582,131.906997302901
