Number of PCs/Covariates,BIC (larger is better) - Schwarz 1978,log Likelihood Function Value
0,-224.034185511632,-216.903800224973
1,-223.898515996184,-214.391335613971
2,-225.861114480768,-213.977139003002
3,-228.349773194273,-214.089002620954
