Number of PCs/Covariates,BIC (larger is better) - Schwarz 1978,log Likelihood Function Value
0,-133.035569809836,-125.931272137244
1,-132.807390174279,-123.33499327749
2,-135.756752453983,-123.916256332997
3,-138.58913461043,-124.380539265246
