Number of PCs/Covariates,BIC (larger is better) - Schwarz 1978,log Likelihood Function Value
0,-38.1713277546066,-30.940905406199
1,-39.4669642739871,-29.826401142777
2,-40.4120324394669,-28.3613285254543
3,-42.8388469535881,-28.378002256773
