Number of PCs/Covariates,BIC (larger is better) - Schwarz 1978,log Likelihood Function Value
0,144.005530076372,151.135915363032
1,141.807019258724,151.314199640937
2,139.719480246158,151.603455723924
3,137.611536308932,151.872306882251
