Number of PCs/Covariates,BIC (larger is better) - Schwarz 1978,log Likelihood Function Value
0,-4.8950371221469,2.23534816451265
1,-7.07538426979757,2.43179611241516
2,-9.16345145320608,2.72052402455984
3,-11.1768859340427,3.08388463927638
