Number of PCs/Covariates,BIC (larger is better) - Schwarz 1978,log Likelihood Function Value
0,195.042862043694,202.173247330353
1,192.884657165268,202.391837547481
2,190.779851040044,202.66382651781
3,188.70298022961,202.963750802929
