Number of PCs/Covariates,BIC (larger is better) - Schwarz 1978,log Likelihood Function Value
0,-149.81895674485,-142.588534396442
1,-150.639893306024,-140.999330174814
2,-151.382106074733,-139.33140216072
3,-153.818875910981,-139.358031214166
