Number of PCs/Covariates,BIC (larger is better) - Schwarz 1978,log Likelihood Function Value
0,-92.1570636754562,-84.9266413270486
1,-93.4747204054438,-83.8341572742337
2,-95.8408288723983,-83.7901249583857
3,-98.2576030043633,-83.7967583075481
