Number of PCs/Covariates,BIC (larger is better) - Schwarz 1978,log Likelihood Function Value
0,110.945425439436,118.075810726095
1,108.728957159897,118.23613754211
2,106.588250302391,118.472225780157
3,104.504518716911,118.76528929023
