Number of PCs/Covariates,BIC (larger is better) - Schwarz 1978,log Likelihood Function Value
0,-210.457961936408,-203.227539588001
1,-210.736857993599,-201.096294862389
2,-212.07488645992,-200.024182545908
3,-214.518449097828,-200.057604401012
