Number of PCs/Covariates,BIC (larger is better) - Schwarz 1978,log Likelihood Function Value
0,-141.309462972039,-134.079040623631
1,-141.546453645942,-131.905890514732
2,-142.701242728719,-130.650538814707
3,-145.174031638868,-130.713186942052
