Number of PCs/Covariates,BIC (larger is better) - Schwarz 1978,log Likelihood Function Value
0,-36.1305956936935,-28.6968551072916
1,-38.3938749208805,-28.482220805678
2,-40.8740383727049,-28.4844707287017
3,-43.3650102456497,-28.4975290728459
