Number of PCs/Covariates,BIC (larger is better) - Schwarz 1978,log Likelihood Function Value
0,169.458512515293,176.588897801952
1,167.294279176443,176.801459558655
2,165.188990874527,177.072966352293
3,163.121475016493,177.382245589812
