Number of PCs/Covariates,BIC (larger is better) - Schwarz 1978,log Likelihood Function Value
0,-65.071378833407,-57.9409935467475
1,-67.2446552439736,-57.7374748617609
2,-69.3335667780114,-57.4495913002455
3,-71.3762796299593,-57.1155090566402
