Number of PCs/Covariates,BIC (larger is better) - Schwarz 1978,log Likelihood Function Value
0,328.244271188905,335.374656475564
1,326.023401323114,335.530581705327
2,323.842846730332,335.726822208098
3,321.739815344598,336.000585917917
