Number of PCs/Covariates,BIC (larger is better) - Schwarz 1978,log Likelihood Function Value
0,234.505336464916,241.635721751575
1,232.332852949466,241.840033331679
2,230.228686031727,242.112661509493
3,228.183234005926,242.444004579245
