Number of PCs/Covariates,BIC (larger is better) - Schwarz 1978,log Likelihood Function Value
0,-63.921462006791,-56.6910396583835
1,-65.1352141459842,-55.4946510147741
2,-66.9137705014543,-54.8630665874417
3,-69.3254600615575,-54.8646153647424
