Number of PCs/Covariates,BIC (larger is better) - Schwarz 1978,log Likelihood Function Value
0,330.719976299413,337.850361586073
1,328.530457095012,338.037637477225
2,326.368561740533,338.252537218299
3,324.252275210386,338.513045783705
