Number of PCs/Covariates,BIC (larger is better) - Schwarz 1978,log Likelihood Function Value
0,84.8045881779023,92.0350105263098
1,82.5005525719687,92.1411157031787
2,80.1196270967452,92.1703310107578
3,77.7160867412933,92.1769314381084
