Number of PCs/Covariates,BIC (larger is better) - Schwarz 1978,log Likelihood Function Value
0,-286.858850499175,-279.652818932075
1,-289.240743332054,-279.632701242587
2,-286.684061922687,-274.674009310854
3,-289.560428624514,-275.148365490314
