Number of PCs/Covariates,BIC (larger is better) - Schwarz 1978,log Likelihood Function Value
0,-295.028430858749,-287.798008510341
1,-295.651231023716,-286.010667892506
2,-297.950039034021,-285.899335120008
3,-300.19780662848,-285.736961931665
