Number of PCs/Covariates,BIC (larger is better) - Schwarz 1978,log Likelihood Function Value
0,-574.649907034352,-567.419484685945
1,-576.241083547225,-566.600520416015
2,-577.532447373087,-565.481743459074
3,-579.970068571347,-565.509223874532
