Number of PCs/Covariates,BIC (larger is better) - Schwarz 1978,log Likelihood Function Value
0,-329.911452812044,-322.781067525384
1,-331.959238499541,-322.452058117328
2,-333.61938784124,-321.735412363474
3,-334.040407087106,-319.779636513787
