Number of PCs/Covariates,BIC (larger is better) - Schwarz 1978,log Likelihood Function Value
0,-172.244222125664,-165.013799777256
1,-174.644761012405,-165.004197881195
2,-176.439442977401,-164.388739063388
3,-178.529532684017,-164.068687987202
