Number of PCs/Covariates,BIC (larger is better) - Schwarz 1978,log Likelihood Function Value
0,-80.6318675190823,-73.4014451706748
1,-82.3277750146435,-72.6872118834334
2,-84.1560482845793,-72.1053443705667
3,-86.1664508962234,-71.7056061994083
