Number of PCs/Covariates,BIC (larger is better) - Schwarz 1978,log Likelihood Function Value
0,-207.822512564109,-200.718214891517
1,-207.303845604444,-197.831448707655
2,-208.117640387168,-196.277144266182
3,-211.262708029758,-197.054112684574
