Number of PCs/Covariates,BIC (larger is better) - Schwarz 1978,log Likelihood Function Value
0,186.959074062909,194.089459349569
1,184.801494876827,194.30867525904
2,182.685809283317,194.569784761083
3,180.634626208857,194.895396782176
