"","SNP","Chromosome","Position","GLM.FW_1","MLM.FW_1","CMLM.FW_1","SUPER.FW_1","rrBLUP.FW_1","Adj.P.GLM.FW_1","Adj.P.MLM.FW_1","Adj.P.CMLM.FW_1","Adj.P.SUPER.FW_1","Adj.P.rrBLUP.FW_1"
"12296","PstI.TP1165702",11,8193,0.00218054074263121,0.000513713572340331,0.000513713572340331,1.55470870588131e-07,0.735996118240503,0.249384252040682,0.999098649269458,0.999098649269458,0.00561063277778447,1
