SNP,Chromosome,Position,P.value,maf,effect
PstI.TP419952,1,13194145,0.00118116763914291,NA,-0.491172718410915
PstI.TP961110,1,65184135,5.21570114210773e-05,NA,0.372082868907885
PstI.TP1000478,2,72314995,0.0011382742299938,NA,0.629242384496148
PstI.TP1102757,3,60738907,0.000333688033388603,NA,0.433010647024721
PstI.TP1115006,4, 2397430,0.000824192921218007,NA,-0.311706368061259
PstI.TP298201,6, 1375822,0.00887114557688047,NA,0.373808498843795
PstI.TP249621,6,51555200,0.00332432054718584,NA,0.225138387964158
PstI.TP1155086,9,50004653,0.0025910424819177,NA,0.269641216720526
PstI.TP1071296,11,    7466,0.00237216998129293,NA,0.383315680146113
