Number of PCs/Covariates,BIC (larger is better) - Schwarz 1978,log Likelihood Function Value
0,-321.554657014398,-314.437258821853
1,-323.628353763394,-314.138489506667
2,-325.323243865036,-313.460913544128
3,-325.899796004337,-311.664999619247
