Number of PCs/Covariates,BIC (larger is better) - Schwarz 1978,log Likelihood Function Value
0,-57.6281321733861,-50.4977468867265
1,-59.7048727535167,-50.1976923713039
2,-61.4637546465194,-49.5797791687535
3,-62.6299718679484,-48.3692012946293
