Number of PCs/Covariates,BIC (larger is better) - Schwarz 1978,log Likelihood Function Value
0,-327.138549095169,-320.008163808509
1,-329.187103551164,-319.679923168951
2,-330.847736760507,-318.963761282741
3,-331.271238158312,-317.010467584993
