Number of PCs/Covariates,BIC (larger is better) - Schwarz 1978,log Likelihood Function Value
0,-570.490017928069,-563.259595579661
1,-572.013749181511,-562.373186050301
2,-573.453829852979,-561.403125938966
3,-575.733133664169,-561.272288967354
