Number of PCs/Covariates,BIC (larger is better) - Schwarz 1978,log Likelihood Function Value
0,-123.046533853862,-115.916148567202
1,-125.181178213857,-115.673997831644
2,-127.177363226576,-115.29338774881
3,-128.317860678602,-114.057090105283
