Number of PCs/Covariates,BIC (larger is better) - Schwarz 1978,log Likelihood Function Value
0,-31.898397882368,-24.6679755339605
1,-33.2789903768384,-23.6384272456283
2,-34.3768170304679,-22.3261131164553
3,-36.2062121320547,-21.7453674352396
