Number of PCs/Covariates,BIC (larger is better) - Schwarz 1978,log Likelihood Function Value
0,-137.362322627057,-130.13190027865
1,-137.069408707862,-127.428845576652
2,-138.6383789566,-126.587675042588
3,-140.660866179183,-126.200021482368
