Number of PCs/Covariates,BIC (larger is better) - Schwarz 1978,log Likelihood Function Value
0,-201.291782954057,-194.06136060565
1,-201.577263106642,-191.936699975432
2,-202.827402685766,-190.776698771754
3,-204.527969463248,-190.067124766433
