Number of PCs/Covariates,BIC (larger is better) - Schwarz 1978,log Likelihood Function Value
0,887.556204199945,894.762235767045
1,885.56958453907,895.177626628536
2,883.384715652812,895.394768264645
3,884.389113552106,898.801176686306
