Number of PCs/Covariates,BIC (larger is better) - Schwarz 1978,log Likelihood Function Value
0,-121.0099757487,-113.918894020631
1,-121.210274980282,-111.755499342858
2,-124.205263652664,-112.386794105883
3,-126.767731458835,-112.585568002698
