Number of PCs/Covariates,BIC (larger is better) - Schwarz 1978,log Likelihood Function Value
0,-91.812440778628,-84.5820184302205
1,-93.3604566805724,-83.7198935493623
2,-95.6301382046042,-83.5794342905916
3,-97.321140854809,-82.8602961579938
