Number of PCs/Covariates,BIC (larger is better) - Schwarz 1978,log Likelihood Function Value
0,-170.877180996114,-163.646758647707
1,-173.276587867231,-163.636024736021
2,-174.490419592642,-162.439715678629
3,-173.108353569453,-158.647508872638
