Number of PCs/Covariates,BIC (larger is better) - Schwarz 1978,log Likelihood Function Value
0,-150.408758907784,-143.178336559376
1,-150.636972714981,-140.996409583771
2,-151.449805812771,-139.399101898758
3,-153.693915232852,-139.233070536037
