Number of PCs/Covariates,BIC (larger is better) - Schwarz 1978,log Likelihood Function Value
0,-247.599116477989,-240.368694129582
1,-248.504090336097,-238.863527204887
2,-250.695312127736,-238.644608213724
3,-253.002236136418,-238.541391439603
