Number of PCs/Covariates,BIC (larger is better) - Schwarz 1978,log Likelihood Function Value
0,-56.803793667472,-49.5733713190644
1,-57.8785378025019,-48.2379746712919
2,-59.6824091894088,-47.6317052753962
3,-61.7890534259802,-47.3282087291651
