Number of PCs/Covariates,BIC (larger is better) - Schwarz 1978,log Likelihood Function Value
0,85.8586044097671,93.0890267581747
1,83.6055856887465,93.2461488199565
2,81.2479733289888,93.2986772430014
3,78.8755082185739,93.336352915389
