Number of PCs/Covariates,BIC (larger is better) - Schwarz 1978,log Likelihood Function Value
0,-181.087436619023,-173.957051332363
1,-181.676366138269,-172.169185756056
2,-184.020417564031,-172.136442086265
3,-186.61795381951,-172.357183246191
