Number of PCs/Covariates,BIC (larger is better) - Schwarz 1978,log Likelihood Function Value
0,70.9208946203157,78.0512799069752
1,68.7871329548252,78.2943133370379
2,66.7953335309363,78.6793090087022
3,65.3946760502143,79.6554466235334
