Number of PCs/Covariates,BIC (larger is better) - Schwarz 1978,log Likelihood Function Value
0,-186.801907440254,-179.710825712186
1,-185.980129843187,-176.525354205762
2,-187.396149357137,-175.577679810356
3,-190.61883269446,-176.436669238323
