Number of PCs/Covariates,BIC (larger is better) - Schwarz 1978,log Likelihood Function Value
0,-78.595710136042,-71.3652877876345
1,-80.2261032857972,-70.5855401545871
2,-81.8065882278909,-69.7558843138783
3,-84.1720128424258,-69.7111681456107
