Number of PCs/Covariates,BIC (larger is better) - Schwarz 1978,log Likelihood Function Value
0,-577.281003803956,-570.074972236856
1,-579.680347164851,-570.072305075384
2,-581.917423621712,-569.907371009879
3,-584.317606987232,-569.905543853033
