Number of PCs/Covariates,BIC (larger is better) - Schwarz 1978,log Likelihood Function Value
0,-132.016842217895,-124.835604603722
1,-133.308383770698,-123.733400285134
2,-134.215457570713,-122.246728213758
3,-136.240532419674,-121.878057191328
