"","ID","Method","Trait.name","SNP","Chromosome","Position","P.value"
"1",1,"SUPER","Cml_cm","NsiI.TP696604",1,6941882,0.00000653462449791898
"2",2,"SUPER","Cml_cm","NsiI.TP27091",11,9422,0.000000623493943820942
"3",3,"SUPER","Cml_cm","NsiI.TP229027",11,11698,0.000000180798149655618
"4",4,"SUPER","Cml_cm","NsiI.TP318460",11,12617,0.00000307049950033742
"5",5,"SUPER","Cml_cm","PstI.TP529013",7,3866800,0.00000311069677974166
"6",6,"SUPER","Cml_cm","PstI.TP1155358",7,61684580,0.00000266606324269275
