"","SNP","Chromosome","Position","GLM.Cml_cm","MLM.Cml_cm","CMLM.Cml_cm","SUPER.Cml_cm","rrBLUP.Cml_cm","Adj.P.GLM.Cml_cm","Adj.P.MLM.Cml_cm","Adj.P.CMLM.Cml_cm","Adj.P.SUPER.Cml_cm","Adj.P.rrBLUP.Cml_cm"
"652","NsiI.TP696604",1,6941882,0.000325327319444324,0.000340882714148485,0.000406174779759364,0.00000653462449791898,0.501835871888619,0.221517213285033,0.673840623087483,0.717777495738565,0.0393035881468167,1
"13231","NsiI.TP27091",11,9422,0.0000388298110079638,0.000287423942828546,0.000455534300053406,0.000000623493943820942,0.805062201840343,0.155743870832171,0.673840623087483,0.717777495738565,0.0112503247223051,1
"14850","NsiI.TP229027",11,11698,0.0000601348208491396,0.000532036635764983,0.00081432970941618,0.000000180798149655618,0.918423059328389,0.155743870832171,0.673840623087483,0.717777495738565,0.00652464362477194,1
"15508","NsiI.TP318460",11,12617,0.000193353680856655,0.00255662344691076,0.00206150343040681,0.00000307049950033742,0.704876207629062,0.187938375538853,0.785019054518363,0.791441870175755,0.0224517650774634,1
"32189","PstI.TP529013",7,3866800,0.0000173409858796058,0.000135203395490426,0.000146719670669924,0.00000311069677974166,0.337167994115149,0.155743870832171,0.673840623087483,0.717777495738565,0.0224517650774634,1
"33107","PstI.TP1155358",7,61684580,0.0236784053258402,0.067481150602612,0.0614286676140141,0.00000266606324269275,0.245244911172737,0.550130930193412,0.873173789441591,0.870704117625713,0.0224517650774634,1
