CV,Effect
1,0.00385478241606796
2,0.0402718109075941
3,0.00333066292929168
