CV,Effect
1,0.0007384652197956
2,-0.000579067358165157
3,-3.58106716442982e-05
