CV,Effect
1,-0.0129784320337144
2,0.0150666124124488
3,0.00635794010763849
