CV,Effect
1,-0.502430403912894
2,0.351960082930427
3,-0.433264376224512
