CV,Effect
1,-0.00982625906813896
2,0.00102322043747673
3,-0.00757267237852319
