CV,Effect
1,0.000160696535094996
2,-0.000128604750923018
3,7.87416065613775e-05
