CV,Effect
1,-2.9840106223619e-06
2,1.35923269827729e-06
3,-4.80796571948063e-06
