CV,Effect
1,-0.0228316383861894
2,0.00105705930159532
3,-0.00123769875880024
