CV,Effect
1,-0.0161618642786209
2,0.0059946126644524
3,0.000718175455815969
