CV,Effect
1,-0.0416441426072528
2,-0.247907537333975
3,0.10113449253426
