CV,Effect
1,-0.0442889808291041
2,0.0105060333831451
3,0.0114415900636794
