CV,Effect
1,0.0109792807817547
2,0.00708016021603443
3,0.00233397292326561
