CV,Effect
1,-0.00615318745200782
2,-0.000924004386678587
3,0.00234347156757655
