CV,Effect
1,-0.0343170222647233
2,0.00633721274930482
3,-0.00384116664307765
