CV,Effect
1,0.0318528259987607
2,0.0536707828649645
3,0.00924966533061741
