CV,Effect
1,0.00285046675413859
2,0.00201915550007976
3,0.000589711149351674
