CV,Effect
1,-0.0117593028715011
2,0.00317525569616818
3,-0.00296558004666768
