CV,Effect
1,-0.0137478711604755
2,0.00446436093342135
3,-0.002306716212823
