CV,Effect
1,0.00666051606696858
2,0.00871549906951568
3,0.00405796000042998
