CV,Effect
1,-0.0215820474104626
2,-0.00124984626802897
3,0.0143788236055557
