CV,Effect
1,-0.0109250723154195
2,-0.0085429030777938
3,0.0137324474298206
