CV,Effect
1,-0.0121088834638071
2,0.00125900047007774
3,-0.00699325158145019
