SNP,Chromosome,Position,P.value,maf,effect
PstI.TP1015835,1, 6514843,0.00724852971701875,NA,0.00876111709264409
PstI.TP308053,1, 8330660,0.00348602952926852,NA,-0.00807695719204024
PstI.TP757921,1,26848011,0.00522470997363818,NA,0.00572928619127398
PstI.TP576366,2,  375350,6.10470529404726e-06,NA,0.0238995523584227
PstI.TP360841,2, 2832783,0.00115831531626884,NA,0.00765843958755996
PstI.TP718032,2,23093745,0.00307271693271097,NA,0.0133885246035033
PstI.TP840565,2,31129874,3.83768592808942e-05,NA,-0.0152843388053013
PstI.TP548709,2,61335066,4.58076004079474e-05,NA,0.0147821787404188
NsiI.TP436966,3,  208286,0.00794185946732304,NA,0.0107472690407917
PstI.TP211419,3,12715735,0.00567855971517426,NA,0.0272317428877206
PstI.TP907836,3,63143644,0.00779531337393658,NA,-0.00750889796542614
PstI.TP724939,3,66915295,0.000133782691667815,NA,0.0136983158794721
PstI.TP41452,4,57358774,0.00013191881282408,NA,-0.0111667832776533
PstI.TP897370,5, 3460663,0.0087381951798849,NA,0.0123142819421193
PstI.TP644170,5,13189719,3.33905794710342e-06,NA,0.0289134461433003
PstI.TP404885,6,51199851,0.00275179180914626,NA,-0.0232136023587235
NsiI.TP509771,7,63795912,0.00906774418554709,NA,0.00623522541871892
PstI.TP1062021,9,59189842,0.000867811532852638,NA,0.00864420254795853
NsiI.TP502082,10, 1262753,0.000778732360651405,NA,-0.0194254461148608
PstI.TP85647,10,60886778,5.60785457191122e-08,NA,0.0243094508814011
PstI.TP48113,11,     409,0.000789885614158347,NA,-0.0060464721623641
PstI.TP470828,11,    3576,0.00909844726786401,NA,-0.00870300264857947
PstI.TP1019197,11,    7072,0.0077076146452953,NA,0.0151988428627253
PstI.TP1162955,11,    8169,0.0066054315181793,NA,-0.0101827377943398
