SNP,Chromosome,Position,P.value,maf,effect
NsiI.TP481176,1, 7350098,4.8799089868055e-07,NA,-0.0148001501365291
PstI.TP1245745,1,18203316,0.00102554081807746,NA,-0.0219581254157851
PstI.TP969142,1,70558586,0.0072700673587322,NA,0.0093859675435478
PstI.TP576366,2,  375350,1.11392816423961e-05,NA,0.0318782798374489
PstI.TP18098,2,23769344,0.000153262024050224,NA,0.0188654020278316
PstI.TP548709,2,61335066,2.32567716857162e-05,NA,0.0200972876406524
PstI.TP710432,2,62555401,1.19633409588093e-08,NA,0.034224486836863
PstI.TP217258,3, 3992070,0.000273252321220709,NA,0.0247559045519837
NsiI.TP241228,3, 9570669,0.00987591742336518,NA,-0.0194940689425041
PstI.TP273678,3,12316343,0.00157919187929953,NA,-0.0165269769740345
PstI.TP582861,3,66513476,6.09925090630074e-06,NA,0.0240756520357635
PstI.TP1046316,3,72119163,0.000239738404158469,NA,-0.0155609776750551
PstI.TP568461,3,74315454,0.00965229253411062,NA,0.0231338872836663
PstI.TP1059365,4, 3535002,0.000146016085546786,NA,0.0295360998349501
PstI.TP39227,4,42910747,0.00597566693964589,NA,0.0171367882087136
PstI.TP1052140,6,19137861,3.58053581439637e-06,NA,0.0203426156603366
PstI.TP1105986,6,45582438,0.00371478843455502,NA,0.01218201116127
PstI.TP710752,6,48096840,0.0037245964014054,NA,-0.0176658116738689
PstI.TP929514,6,55096318,0.00365074117618871,NA,-0.00883212908729594
PstI.TP602287,7,10755063,0.000251470751047105,NA,0.00914429925653726
NsiI.TP579169,7,40226521,0.000411327027757827,NA,-0.0252454109826748
PstI.TP1254872,7,56573064,4.74754240546218e-05,NA,-0.0145682559747655
PstI.TP239022,8,58605820,0.00345236607761831,NA,0.021611140198254
PstI.TP1062021,9,59189842,0.00746835527304384,NA,0.0109000519165598
PstI.TP623813,10,10751887,0.00598962232172826,NA,-0.0141283056286549
PstI.TP202284,10,56175041,0.00421488255303422,NA,-0.00749891849947819
PstI.TP170196,11,    1398,0.00712561234036905,NA,0.00736247180094197
PstI.TP919648,11,    6431,0.000785214176803455,NA,0.0356883708351345
PstI.TP1159423,11,    8140,9.22592384491334e-07,NA,0.0136753966340769
NsiI.TP456659,11,   14551,0.00223937298174224,NA,-0.0158939078150863
NsiI.TP535389,11,   15757,0.00892199541473183,NA,0.027511441376805
