"","ID","Method","Trait.name","SNP","Chromosome","Position","P.value"
"1",1,"SUPER","FW_50","NsiI.TP469911",1,72682614,0.00000231626980980457
"2",2,"SUPER","FW_50","PstI.TP989816",11,6875,0.00000235674793190674
"3",3,"SUPER","FW_50","PstI.TP1165702",11,8193,0.00000366070396392112
"4",4,"SUPER","FW_50","NsiI.TP689875",11,17622,0.00000191143932296005
