"SNP.N","Trait.name","Method","SNP","Chromosome","Position","P.value"
"106","ADD","FASTmrEMMA","PstI.TP364469",1,15807512,8.80035111687322e-05
"106","ADD","pLARmEB","PstI.TP364469",1,15807512,0.000107176606008313
"106","ADD","pLARmEB","PstI.TP881184",2,76620224,0.000102541578835523
"106","ADD","pLARmEB","NsiI.TP452950",4,59507302,0.00014288939585111
"106","ADD","pLARmEB","PstI.TP1234552",10,60231357,2.44906324184475e-05
"106","ADD","FarmCPU","PstI.TP364469",1,15807512,7.19774965385645e-06
