"SNP.N","Trait.name","Method","SNP","Chromosome","Position","P.value"
"106","FD","mrMLM","PstI.TP15027",1,50852753,7.40689179118537e-06
"106","FD","mrMLM","PstI.TP208272",6,53679758,5.10548494632663e-05
"106","FD","mrMLM","PstI.TP1076746",7,1802206,2.33938661109023e-05
"106","FD","FASTmrMLM","PstI.TP208272",6,53679758,8.79629933844233e-05
"106","FD","FASTmrMLM","PstI.TP1076746",7,1802206,2.17470323244035e-05
"106","FD","pLARmEB","PstI.TP1076746",7,1802206,0.000147197352897794
"106","FD","pLARmEB","NsiI.TP766057",7,61710211,2.70707320392136e-05
"106","FD","pLARmEB","PstI.TP925206",10,58730377,2.45414376313743e-07
"106","FD","ISIS EM-BLASSO","PstI.TP208272",6,53679758,8.79629933844233e-05
"106","FD","ISIS EM-BLASSO","PstI.TP1076746",7,1802206,2.17470323244035e-05
"106","FD","FarmCPU","PstI.TP836656",2,74973104,5.02459670961767e-06
"106","FD","FarmCPU","NsiI.TP146",9,52120597,6.96612155855291e-06
