"SNP.N","Trait.name","Method","SNP","Chromosome","Position","P.value"
"106","GS","rrBLUP","PstI.TP856013",11,5962,4.70912213388498e-06
"106","GS","rrBLUP","PstI.TP1148487",4,48397503,5.59421133667413e-06
"106","GS","rrBLUP","PstI.TP10852",10,58028954,6.88068948658362e-07
"106","GS","rrBLUP","PstI.TP292777",7,64227793,6.86014621438099e-06
"106","GS","rrBLUP","PstI.TP13650",1,1521127,2.33085197447699e-06
"106","GS","rrBLUP","NsiI.TP36864",4,6582638,7.44085348721908e-06
"106","GS","rrBLUP","NsiI.TP726681",3,62054481,6.24370885215306e-06
"106","GS","rrBLUP","PstI.TP921276",1,70382591,9.63180886966968e-06
