"SNP.N","Trait.name","Method","SNP","Chromosome","Position","P.value"
"106","Lg","GLM","PstI.TP354335",3,50899095,1.14904752139278e-06
"106","Lg","GLM","PstI.TP229716",2,52006699,1.25862910934177e-06
"106","Lg","GLM","PstI.TP593877",9,55077360,2.92462266752e-06
"106","Lg","SUPER","PstI.TP354335",3,50899095,1.98581000231342e-16
"106","Lg","SUPER","PstI.TP1020277",1,23246220,2.34098207785094e-11
"106","Lg","SUPER","NsiI.TP361622",1,69534233,2.09999811073841e-11
"106","Lg","rrBLUP","PstI.TP1000965",6,57296544,5.45442255086628e-06
