"SNP.N","Trait.name","Method","SNP","Chromosome","Position","P.value"
"106","Lg","mrMLM","PstI.TP1020277",1,23246220,2.30342990021727e-07
"106","Lg","mrMLM","PstI.TP354335",3,50899095,8.19907766035834e-10
"106","Lg","mrMLM","PstI.TP593877",9,55077360,4.54729364487092e-10
"106","Lg","mrMLM","PstI.TP1134201",9,49341921,1.07435052403023e-10
"106","Lg","mrMLM","NsiI.TP56324",9,53718156,3.39279016091258e-05
"106","Lg","FASTmrMLM","PstI.TP229716",2,52006699,2.94849231389437e-05
"106","Lg","FASTmrEMMA","PstI.TP1020277",1,23246220,5.88572545261201e-08
"106","Lg","FASTmrEMMA","NsiI.TP253425",9,4267319,2.11689832851074e-05
"106","Lg","pLARmEB","PstI.TP770895",1,13263569,1.65844090127756e-05
"106","Lg","pLARmEB","PstI.TP1020277",1,23246220,2.02768271952128e-06
"106","Lg","pLARmEB","PstI.TP229716",2,52006699,3.28548886770973e-06
"106","Lg","pLARmEB","PstI.TP1134201",9,49341921,3.04508906697422e-06
"106","Lg","ISIS EM-BLASSO","PstI.TP1020277",1,23246220,1.91381520204743e-07
"106","Lg","ISIS EM-BLASSO","PstI.TP229716",2,52006699,3.61493089917357e-06
"106","Lg","ISIS EM-BLASSO","PstI.TP1134201",9,49341921,9.12641051767511e-06
"106","Lg","FarmCPU","PstI.TP1134201",9,49341921,1.81383521983347e-13
"106","Lg","FarmCPU","PstI.TP229716",2,52006699,1.52595455344047e-10
"106","Lg","FarmCPU","NsiI.TP56324",9,53718156,7.09857896610833e-09
"106","Lg","FarmCPU","PstI.TP270470",2,68616120,7.75140121061893e-08
"106","Lg","FarmCPU","PstI.TP354335",3,50899095,1.29369167125871e-07
"106","Lg","FarmCPU","NsiI.TP145721",3,70764680,1.4418144347319e-07
"106","Lg","FarmCPU","PstI.TP1020277",1,23246220,1.10134381944122e-06
"106","Lg","MLMM","PstI.TP354335",3,50899095,1.5237917802817e-13
"106","Lg","MLMM","PstI.TP384871",9,47612549,2.23649242934043e-13
"106","Lg","MLMM","PstI.TP912729",11,6374,1.15997991334475e-05
"106","Lg","MLMM","PstI.TP593877",9,55077360,2.56516779496911e-17
"106","Lg","MLMM","NsiI.TP633588",1,29778455,3.48026878230536e-06
