"SNP.N","Trait.name","Method","SNP","Chromosome","Position","P.value"
"106","SDW_kg","GLM","PstI.TP577552",2,61335361,8.89555220874274e-06
"106","SDW_kg","SUPER","PstI.TP577552",2,61335361,2.62555767929415e-06
"106","SDW_kg","SUPER","PstI.TP353147",6,56747520,4.77392639452399e-07
"106","SDW_kg","SUPER","PstI.TP171713",4,6902976,2.74150599690847e-05
"106","SDW_kg","SUPER","PstI.TP891455",6,51677486,7.84640578810806e-06
"106","SDW_kg","SUPER","NsiI.TP503258",6,51868615,3.56709196250607e-05
"106","SDW_kg","SUPER","PstI.TP336967",7,63960044,2.45208707887791e-05
