"SNP.N","Trait.name","Method","SNP","Chromosome","Position","P.value"
"126","OWA","SUPER","PstI.TP461927",1,9014162,3.45778176128449e-08
"126","OWA","SUPER","NsiI.TP440500",9,59299455,1.95370651106476e-05
"126","OWA","SUPER","PstI.TP90936",11,768,4.98123327966458e-05
"126","OWA","SUPER","NsiI.TP403662",1,3957731,0.00011985215789334
"126","OWA","SUPER","PstI.TP242731",3,28459042,9.99900968740993e-05
"126","OWA","SUPER","PstI.TP522635",11,3904,2.70902821314395e-05
"126","OWA","SUPER","PstI.TP709133",4,64107407,9.93332067099714e-05
"126","OWA","SUPER","PstI.TP1277536",2,23996480,6.18091172445733e-05
"126","OWA","SUPER","PstI.TP415787",11,3222,3.07771471191644e-05
