"","ID","Method","Trait.name","SNP","Chromosome","Position","P.value"
"1",1,"SUPER","FD","PstI.TP534866",10,59187610,0.000000577527213920308
"2",2,"SUPER","FD","NsiI.TP760848",10,61039702,0.00000115672123781048
"3",3,"SUPER","FD","NsiI.TP444478",2,69620378,0.00000466241510454739
"4",4,"SUPER","FD","PstI.TP47906",4,62352139,0.00000142388641632636
