"","ID","Trait.name","Method","SNP","Chromosome","Position","P.value"
"1",1,"CmD_BI_mm","mrMLM","PstI.TP882936",1,5999154,0.0000173041790423846
"2",2,"CmD_BI_mm","mrMLM","PstI.TP773172",3,55061314,0.0000000043723810158474
"3",3,"CmD_BI_mm","mrMLM","PstI.TP838943",3,4037471,0.00000107986384308201
"4",4,"CmD_BI_mm","mrMLM","NsiI.TP438910",4,67451505,0.00000000494719466996549
"5",5,"CmD_BI_mm","mrMLM","NsiI.TP128897",6,56190559,0.000000941774658146309
"6",6,"CmD_BI_mm","mrMLM","PstI.TP723544",9,1942972,0.000000647861243110786
"7",7,"CmD_BI_mm","FASTmrMLM","PstI.TP882936",1,5999154,0.0000951042664157393
"8",8,"CmD_BI_mm","FASTmrMLM","PstI.TP838943",3,4037471,0.0000000000000121004076085696
"9",9,"CmD_BI_mm","FASTmrMLM","PstI.TP742466",5,70851257,0.000178484291649801
"10",10,"CmD_BI_mm","FASTmrMLM","NsiI.TP128897",6,56190559,0.0000000555264617119564
"11",11,"CmD_BI_mm","FASTmrMLM","PstI.TP508209",11,3838,0.000000000244568207210438
"12",12,"CmD_BI_mm","FASTmrMLM","NsiI.TP66555",11,9920,0.0000891456179874594
"13",13,"CmD_BI_mm","FASTmrMLM","NsiI.TP578256",11,16314,0.00000177991802039534
"14",14,"CmD_BI_mm","pLARmEB","PstI.TP838943",3,4037471,0.00000000000129867356382916
"15",15,"CmD_BI_mm","pLARmEB","NsiI.TP128897",6,56190559,0.00000015999263828686
"16",16,"CmD_BI_mm","pLARmEB","PstI.TP508209",11,3838,0.0000000000000653882930004742
"17",17,"CmD_BI_mm","pLARmEB","NsiI.TP66555",11,9920,0.000000746964565078008
"18",18,"CmD_BI_mm","ISIS EM-BLASSO","PstI.TP838943",3,4037471,0.000000000000156530870338115
"19",19,"CmD_BI_mm","ISIS EM-BLASSO","NsiI.TP128897",6,56190559,0.00000126066588352444
"20",20,"CmD_BI_mm","ISIS EM-BLASSO","PstI.TP508209",11,3838,0.00000000358096437102636
"21",21,"CmD_BI_mm","ISIS EM-BLASSO","NsiI.TP578256",11,16314,0.00000195478951087767
"22",22,"CmD_BI_mm","FarmCPU","PstI.TP197570",5,51810245,0.0000000000170408229022675
