"SNP.N","Trait.name","Method","SNP","Chromosome","Position","P.value"
"106","FM_1","mrMLM","PstI.TP1052140",6,19137861,0.000119476639837376
"106","FM_1","mrMLM","PstI.TP1159423",11,8140,2.43147047298382e-07
"106","FM_1","FASTmrMLM","PstI.TP1159423",11,8140,1.29658203538263e-05
"106","FM_1","pLARmEB","NsiI.TP274765",6,47625849,0.000193820629607495
"106","FM_1","pLARmEB","PstI.TP444076",11,3404,1.36426896588171e-06
"106","FM_1","FarmCPU","NsiI.TP426185",3,6645847,2.19864440036498e-07
"106","FM_1","FarmCPU","NsiI.TP560012",11,16067,5.61839457904356e-07
"106","FM_1","FarmCPU","NsiI.TP481176",1,7350098,7.57992273276906e-07
"106","FM_1","FarmCPU","NsiI.TP245967",4,61489840,4.44158744416251e-06
