"SNP.N","Trait.name","Method","SNP","Chromosome","Position","P.value"
"106","fprinM","mrMLM","PstI.TP1052140",6,19137861,4.66667976576924e-05
"106","fprinM","FASTmrMLM","NsiI.TP481176",1,7350098,0.000103728954357387
"106","fprinM","FASTmrMLM","PstI.TP1100905",3,73743770,0.000108667581116442
"106","fprinM","FASTmrEMMA","PstI.TP1052140",6,19137861,4.66659380314288e-05
"106","fprinM","pLARmEB","PstI.TP1067903",9,48843269,2.08593129583112e-05
"106","fprinM","pLARmEB","PstI.TP444076",11,3404,7.24936555587398e-07
