"SNP.N","Trait.name","Method","SNP","Chromosome","Position","P.value"
"106","GFW_1","mrMLM","NsiI.TP529124",3,63127607,0.00010937120575771
"106","GFW_1","mrMLM","PstI.TP1052140",6,19137861,2.19995602610951e-05
"106","GFW_1","mrMLM","PstI.TP1159423",11,8140,1.43709010802495e-06
"106","GFW_1","FASTmrMLM","PstI.TP1159423",11,8140,2.00585714593595e-05
"106","GFW_1","FASTmrEMMA","NsiI.TP579169",7,40226521,0.000187672223735551
"106","GFW_1","FASTmrEMMA","PstI.TP1159423",11,8140,3.27642325685378e-05
"106","GFW_1","pLARmEB","NsiI.TP274765",6,47625849,2.84380622147298e-07
"106","GFW_1","pLARmEB","PstI.TP444076",11,3404,7.6913044028661e-06
"106","GFW_1","FarmCPU","NsiI.TP579169",7,40226521,3.7525805592792e-07
