"SNP.N","Trait.name","Method","SNP","Chromosome","Position","P.value"
"106","GHW_50","mrMLM","PstI.TP332845",3,68039381,8.57910533175316e-06
"106","GHW_50","mrMLM","PstI.TP1052140",6,19137861,8.54610058450831e-06
"106","GHW_50","mrMLM","PstI.TP532426",7,64966356,7.84946396394314e-06
"106","GHW_50","mrMLM","PstI.TP1159423",11,8140,5.74877088029674e-06
"106","GHW_50","FASTmrEMMA","PstI.TP1159423",11,8140,0.000110840888901587
"106","GHW_50","pLARmEB","PstI.TP1052140",6,19137861,2.41657345143683e-05
"106","GHW_50","pLARmEB","NsiI.TP274765",6,47625849,4.09354906329559e-05
"106","GHW_50","ISIS EM-BLASSO","PstI.TP1052140",6,19137861,4.27070919440745e-05
