"SNP.N","Trait.name","Method","SNP","Chromosome","Position","P.value"
"106","HD_1","mrMLM","PstI.TP1052140",6,19137861,7.96564596165614e-06
"106","HD_1","FASTmrEMMA","PstI.TP1159423",11,8140,1.87111293044145e-05
"106","HD_1","ISIS EM-BLASSO","PstI.TP541575",2,74276308,0.000106635055667011
"106","HD_1","ISIS EM-BLASSO","PstI.TP332845",3,68039381,5.58727438994021e-06
"106","HD_1","ISIS EM-BLASSO","NsiI.TP616446",9,56031936,1.11019687362348e-05
"106","HD_1","FarmCPU","NsiI.TP481176",1,7350098,7.33215598858498e-08
"106","HD_1","FarmCPU","PstI.TP457393",1,60097068,9.8163248825658e-06
