"SNP.N","Trait.name","Method","SNP","Chromosome","Position","P.value"
"106","HM_1","mrMLM","PstI.TP1052140",6,19137861,7.36190145895019e-05
"106","HM_1","FASTmrMLM","NsiI.TP481176",1,7350098,3.19742230320493e-05
"106","HM_1","FASTmrEMMA","PstI.TP1052140",6,19137861,5.21915265835448e-05
"106","HM_1","FarmCPU","NsiI.TP579169",7,40226521,3.09196103411145e-06
"106","HM_1","FarmCPU","PstI.TP1052140",6,19137861,5.09556315685759e-06
