"SNP.N","Trait.name","Method","SNP","Chromosome","Position","P.value"
"106","HM_50","mrMLM","PstI.TP332845",3,68039381,8.93295199233046e-07
"106","HM_50","mrMLM","PstI.TP532426",7,64966356,0.000158254839572292
"106","HM_50","FASTmrMLM","PstI.TP332845",3,68039381,8.55263621940467e-06
"106","HM_50","FASTmrEMMA","PstI.TP1159423",11,8140,6.6849782716159e-05
"106","HM_50","FarmCPU","NsiI.TP481176",1,7350098,6.07860393000045e-06
