"SNP.N","Trait.name","Method","SNP","Chromosome","Position","P.value"
"106","TFN","mrMLM","PstI.TP1040729",4,54844080,8.3925125624439e-07
"106","TFN","mrMLM","PstI.TP651320",5,35481232,8.35878202262281e-06
"106","TFN","FASTmrEMMA","PstI.TP1040729",4,54844080,1.90589951702436e-05
"106","TFN","pLARmEB","PstI.TP651320",5,35481232,7.24435960074991e-08
"106","TFN","pLARmEB","PstI.TP745785",6,45615805,8.28514283477959e-06
"106","TFN","ISIS EM-BLASSO","PstI.TP651320",5,35481232,1.179234020653e-05
"106","TFN","ISIS EM-BLASSO","PstI.TP745785",6,45615805,3.40329816842042e-06
"106","TFN","FarmCPU","PstI.TP651320",5,35481232,2.3327245153007e-07
"106","TFN","FarmCPU","NsiI.TP482576",11,14924,6.55102795219444e-06
