CV,Effect
1,-0.0068480466813075
2,0.00191663693003411
3,-0.00882382431010549
