CV,Effect
1,0.000160696189570787
2,-0.000128602537491985
3,7.87418573883142e-05
