CV,Effect
1,0.00666031880043837
2,0.00871512751738013
3,0.00405777937986696
