CV,Effect
1,-0.0118871065888625
2,0.00321131389032033
3,-0.0030061443593236
