CV,Effect
1,-0.0121513495323971
2,0.00126371727975116
3,-0.00701171638115298
