CV,Effect
1,0.00285045539623466
2,0.00201914890933029
3,0.000589707627894324
