CV,Effect
1,-0.515036039226443
2,0.360220727379569
3,-0.443491656022836
