CV,Effect
1,-2.98400906645459e-06
2,1.35923212753382e-06
3,-4.80796485998325e-06
