CV,Effect
1,0.0326162288420251
2,0.0549503277718312
3,0.00945435453293017
