CV,Effect
1,-0.0164485154948017
2,0.00607790349015794
3,0.000713455192889824
