"","SNP","Chromosome","Position","GLM.CCirc_cm","MLM.CCirc_cm","CMLM.CCirc_cm","SUPER.CCirc_cm","rrBLUP.CCirc_cm","Adj.P.GLM.CCirc_cm","Adj.P.MLM.CCirc_cm","Adj.P.CMLM.CCirc_cm","Adj.P.SUPER.CCirc_cm","Adj.P.rrBLUP.CCirc_cm"
"19424","NsiI.TP722177",11,18024,0.0000149661656549738,0.0000229817763278112,0.0000257304563588507,0.00000230171969519241,0.464063553240935,0.185537809280371,0.227184487776227,0.298863201403433,0.0276881534533679,1
"28081","PstI.TP410557",4,60353279,0.000043963926689998,0.0000447946573518556,0.000035607178780113,0.000000944848045268919,0.367187053854525,0.216236042834625,0.269424932418961,0.298863201403433,0.0170488381288324,1
"33352","PstI.TP687359",7,64303520,0.0000197290297012503,0.0000216730426641143,0.0000414075594939361,0.000000688384164247988,0.988600739475046,0.185537809280371,0.227184487776227,0.298863201403433,0.0170488381288324,1
