"SNP.N","Trait.name","Method","SNP","Chromosome","Position","P.value"
"125","ADD","mrMLM","PstI.TP807213",1,57183105,6.09508827675034e-14
"125","ADD","FASTmrMLM","PstI.TP126255",6,50898138,1.46791192970268e-05
"125","ADD","pLARmEB","PstI.TP166501",1,18793961,0.000132038323066665
"125","ADD","pLARmEB","NsiI.TP45237",11,9692,0.000186294485696165
"125","ADD","FarmCPU","NsiI.TP51047",2,13453548,5.65799049683953e-09
"125","ADD","FarmCPU","PstI.TP826133",11,5713,2.310526486213e-06
"125","ADD","FarmCPU","PstI.TP1181427",10,48075047,2.77169193287876e-06
"125","ADD","FarmCPU","PstI.TP756650",3,61832560,4.34663465964427e-06
"125","ADD","FarmCPU","NsiI.TP727162",5,15122057,8.05242630718473e-06
