"SNP.N","Trait.name","Method","SNP","Chromosome","Position","P.value"
"125","CmDW_g","mrMLM","PstI.TP457393",1,60097068,2.5623768381702e-07
"125","CmDW_g","mrMLM","NsiI.TP213158",2,67720379,5.37535312762507e-05
"125","CmDW_g","FASTmrMLM","PstI.TP457393",1,60097068,9.3799386961849e-10
"125","CmDW_g","FASTmrMLM","PstI.TP834454",11,5776,5.89521977065492e-06
"125","CmDW_g","FASTmrEMMA","PstI.TP457393",1,60097068,6.20869034230064e-08
"125","CmDW_g","pLARmEB","NsiI.TP488601",1,6409370,0.000151774915586125
"125","CmDW_g","pLARmEB","PstI.TP459121",1,78162835,2.27771824185732e-08
"125","CmDW_g","pLARmEB","PstI.TP790069",2,699673,1.55739938908086e-06
"125","CmDW_g","pLARmEB","PstI.TP411848",11,3188,1.70059148422409e-07
"125","CmDW_g","pLARmEB","PstI.TP433679",11,3324,9.59621567110341e-05
"125","CmDW_g","ISIS EM-BLASSO","PstI.TP459121",1,78162835,8.44500672989512e-06
"125","CmDW_g","ISIS EM-BLASSO","NsiI.TP621776",1,79466998,6.45951632269626e-08
"125","CmDW_g","ISIS EM-BLASSO","PstI.TP790069",2,699673,3.12823953225774e-08
"125","CmDW_g","ISIS EM-BLASSO","PstI.TP57846",4,4201581,1.05365880322972e-06
"125","CmDW_g","ISIS EM-BLASSO","PstI.TP411848",11,3188,2.37301235849051e-07
"125","CmDW_g","ISIS EM-BLASSO","PstI.TP433679",11,3324,5.59371068161696e-05
"125","CmDW_g","FarmCPU","PstI.TP1155086",9,50004653,2.62538593629087e-09
"125","CmDW_g","FarmCPU","NsiI.TP827851",4,12330408,4.16201930029456e-06
