"SNP.N","Trait.name","Method","SNP","Chromosome","Position","P.value"
"125","CmN","mrMLM","PstI.TP457393",1,60097068,1.26281287183301e-06
"125","CmN","mrMLM","PstI.TP459121",1,78162835,3.02680191454368e-05
"125","CmN","mrMLM","PstI.TP790069",2,699673,3.59693839755003e-05
"125","CmN","mrMLM","PstI.TP411848",11,3188,1.57062678677999e-10
"125","CmN","FASTmrMLM","PstI.TP459121",1,78162835,0.000116896094063936
"125","CmN","FASTmrMLM","PstI.TP790069",2,699673,8.53100114017588e-10
"125","CmN","FASTmrMLM","PstI.TP411848",11,3188,3.75750874490487e-09
"125","CmN","FASTmrEMMA","PstI.TP457393",1,60097068,2.56448403651772e-12
"125","CmN","pLARmEB","PstI.TP256025",6,39923562,5.91561634175474e-05
"125","CmN","pLARmEB","PstI.TP815977",8,47698137,2.87938673780798e-09
"125","CmN","pLARmEB","PstI.TP995394",9,50625938,3.74714069514403e-06
"125","CmN","pLARmEB","PstI.TP411848",11,3188,2.50784101003317e-13
"125","CmN","pLARmEB","PstI.TP984199",11,6827,2.49746838915414e-06
"125","CmN","pKWmEB","PstI.TP457393",1,60097068,2.78547971437574e-08
"125","CmN","pKWmEB","PstI.TP15780",9,56211895,2.94645627086504e-06
"125","CmN","pKWmEB","PstI.TP411848",11,3188,2.6865813772687e-05
"125","CmN","pKWmEB","NsiI.TP48486",11,9715,0.000175428439424965
"125","CmN","pKWmEB","PstI.TP129649",11,1089,6.1588552911534e-05
"125","CmN","ISIS EM-BLASSO","PstI.TP815977",8,47698137,1.44012437117557e-06
"125","CmN","ISIS EM-BLASSO","PstI.TP995394",9,50625938,3.44191388268429e-07
"125","CmN","ISIS EM-BLASSO","PstI.TP411848",11,3188,3.90840895792403e-14
"125","CmN","ISIS EM-BLASSO","PstI.TP433397",11,3321,2.60975657249414e-06
"125","CmN","ISIS EM-BLASSO","PstI.TP984199",11,6827,2.40547030498809e-06
