"SNP.N","Trait.name","Method","SNP","Chromosome","Position","P.value"
"125","Lg","GLM","PstI.TP354335",3,50899095,8.64032562856887e-08
"125","Lg","GLM","PstI.TP1020277",1,23246220,1.06918170517266e-06
"125","Lg","GLM","PstI.TP1134201",9,49341921,3.79869826235983e-06
"125","Lg","GLM","NsiI.TP145721",3,70764680,6.62151308290586e-06
"125","Lg","CMLM","PstI.TP354335",3,50899095,4.02778517781173e-07
"125","Lg","SUPER","PstI.TP354335",3,50899095,4.32683784151e-15
"125","Lg","SUPER","PstI.TP1020277",1,23246220,6.76888612982213e-11
"125","Lg","SUPER","PstI.TP1134201",9,49341921,7.46881545729772e-11
