"","SNP","Chromosome","Position","GLM.GFW_1","MLM.GFW_1","CMLM.GFW_1","SUPER.GFW_1","rrBLUP.GFW_1","Adj.P.GLM.GFW_1","Adj.P.MLM.GFW_1","Adj.P.CMLM.GFW_1","Adj.P.SUPER.GFW_1","Adj.P.rrBLUP.GFW_1"
"12296","PstI.TP1165702",11,8193,0.00150471173530646,0.000409989090270745,0.000409989090270745,4.95480146556644e-07,0.75799782232799,0.22713488317254,0.999407518383567,0.999407518383567,0.00894044376446809,1
"19142","NsiI.TP689875",11,17622,2.63238659896506e-05,0.000399881970103426,0.000399881970103426,6.47867711281994e-08,1,0.205338609288716,0.999407518383567,0.999407518383567,0.00233802499647446,1
