Number of PCs/Covariates,BIC (larger is better) - Schwarz 1978,log Likelihood Function Value
0,162.230825494943,169.308573801885
1,159.927735732596,169.364733475186
2,157.756459029424,169.552706207662
3,155.493927744357,169.649424358242
