Number of PCs/Covariates,BIC (larger is better) - Schwarz 1978,log Likelihood Function Value
0,246.972411818644,254.050160125586
1,244.681034667882,254.118032410472
2,242.509430577685,254.305677755923
3,240.246532289818,254.402028903704
