Number of PCs/Covariates,BIC (larger is better) - Schwarz 1978,log Likelihood Function Value
0,315.711292234512,322.789040541455
1,313.391539193268,322.828536935858
2,311.151288380891,322.947535559128
3,308.883225340629,323.038721954515
