Number of PCs/Covariates,BIC (larger is better) - Schwarz 1978,log Likelihood Function Value
0,-74.4902104343241,-67.3341834976256
1,-76.3891687156929,-66.8477994667616
2,-78.5828098722776,-66.6560983111134
3,-79.9358392989905,-65.6237854255935
