Number of PCs/Covariates,BIC (larger is better) - Schwarz 1978,log Likelihood Function Value
0,-200.077327317004,-192.921300380306
1,-200.720646714474,-191.179277465542
2,-202.095705282944,-190.16899372178
3,-204.355741294848,-190.043687421451
