Number of PCs/Covariates,BIC (larger is better) - Schwarz 1978,log Likelihood Function Value
0,-136.769987726919,-129.613960790221
1,-137.325272122152,-127.78390287322
2,-138.570525762874,-126.64381420171
3,-140.840735514289,-126.528681640892
