Number of PCs/Covariates,BIC (larger is better) - Schwarz 1978,log Likelihood Function Value
0,77.7366096121388,84.8926365488373
1,75.4948077313315,85.0361769802629
2,73.1411944767768,85.0679060379409
3,70.7546989132082,85.0667527866052
