Number of PCs/Covariates,BIC (larger is better) - Schwarz 1978,log Likelihood Function Value
0,-82.3370337474654,-75.1810068107669
1,-83.9286357757716,-74.3872665268403
2,-86.3070340297138,-74.3803224685497
3,-88.7008994403636,-74.3888455669667
