Number of PCs/Covariates,BIC (larger is better) - Schwarz 1978,log Likelihood Function Value
0,-64.3327982973913,-57.2550499904486
1,-66.6388693791184,-57.2018716365282
2,-68.7879935168324,-56.9917463385947
3,-71.0432076052729,-56.8877109913876
