Number of PCs/Covariates,BIC (larger is better) - Schwarz 1978,log Likelihood Function Value
0,105.204024011554,112.281772318497
1,102.883427662432,112.320425405022
2,100.680242016638,112.476489194876
3,98.4042125088986,112.559709122784
