Number of PCs/Covariates,BIC (larger is better) - Schwarz 1978,log Likelihood Function Value
0,-275.595389995112,-268.465004708452
1,-277.970057554395,-268.462877172183
2,-276.546380266596,-264.66240478883
3,-277.299995593378,-263.039225020059
