Number of PCs/Covariates,BIC (larger is better) - Schwarz 1978,log Likelihood Function Value
0,-31.7675700271401,-24.6898217201975
1,-34.0678678346456,-24.6308700920554
2,-36.2146748218179,-24.4184276435802
3,-38.4789823103212,-24.3234856964359
