Number of PCs/Covariates,BIC (larger is better) - Schwarz 1978,log Likelihood Function Value
0,215.787429015515,222.865177322458
1,213.480676785664,222.917674528254
2,211.243913967954,223.040161146192
3,208.939326452226,223.094823066111
