Number of PCs/Covariates,BIC (larger is better) - Schwarz 1978,log Likelihood Function Value
0,137.775697195657,144.8534455026
1,135.46114829431,144.8981460369
2,133.290819451512,145.08706662975
3,130.992554252345,145.14805086623
