Number of PCs/Covariates,BIC (larger is better) - Schwarz 1978,log Likelihood Function Value
0,-51.9678092047653,-44.4923992722027
1,-53.3329015790858,-43.3656883356692
2,-55.5026862904264,-43.0436697361556
3,-57.7936272839943,-42.8428074188693
