Number of PCs/Covariates,BIC (larger is better) - Schwarz 1978,log Likelihood Function Value
0,406.801597893025,413.879346199967
1,404.484617833476,413.921615576067
2,402.257739560509,414.053986738747
3,399.958109048696,414.113605662581
