Number of PCs/Covariates,BIC (larger is better) - Schwarz 1978,log Likelihood Function Value
0,-62.4445113344299,-55.2884843977314
1,-63.6200380978476,-54.0786688489163
2,-65.2565756920951,-53.329864130931
3,-67.6283706228731,-53.3163167494761
