Number of PCs/Covariates,BIC (larger is better) - Schwarz 1978,log Likelihood Function Value
0,-130.083344919972,-123.032624371284
1,-129.947131027713,-120.546170296128
2,-132.776232094577,-121.025031180096
3,-135.485219555666,-121.383778458289
