Number of PCs/Covariates,BIC (larger is better) - Schwarz 1978,log Likelihood Function Value
0,-127.645500469532,-120.554418741463
1,-129.262519775117,-119.807744137692
2,-130.657987934084,-118.839518387303
3,-132.553327466041,-118.371164009904
