Number of PCs/Covariates,BIC (larger is better) - Schwarz 1978,log Likelihood Function Value
0,-202.826210115037,-195.775489566349
1,-202.34321488472,-192.942254153135
2,-203.592239658315,-191.841038743834
3,-206.332445424711,-192.231004327333
