Number of PCs/Covariates,BIC (larger is better) - Schwarz 1978,log Likelihood Function Value
0,294.640828905431,301.718577212373
1,292.340335071818,301.777332814408
2,290.191480676459,301.987727854697
3,287.982828353671,302.138324967557
