Number of PCs/Covariates,BIC (larger is better) - Schwarz 1978,log Likelihood Function Value
0,224.986385101384,232.064133408327
1,222.677355921873,232.114353664463
2,220.514990382588,232.311237560826
3,218.266140879763,232.421637493649
