Number of PCs/Covariates,BIC (larger is better) - Schwarz 1978,log Likelihood Function Value
0,-6.23765986965555,0.840088437287093
1,-8.54886080943718,0.888136933153007
2,-10.6869093024268,1.10933787581098
3,-12.9213571667214,1.23413944716388
