Number of PCs/Covariates,BIC (larger is better) - Schwarz 1978,log Likelihood Function Value
0,317.561523494271,324.639271801214
1,315.24778122615,324.68477896874
2,313.016181900159,324.812429078397
3,310.729971433063,324.885468046948
