Number of PCs/Covariates,BIC (larger is better) - Schwarz 1978,log Likelihood Function Value
0,253.910693664827,260.98844197177
1,251.617662741967,261.054660484557
2,249.570510591617,261.366757769855
3,247.360303628536,261.515800242422
