Number of PCs/Covariates,BIC (larger is better) - Schwarz 1978,log Likelihood Function Value
0,838.328520062457,845.458905349117
1,836.336101874804,845.843282257016
2,833.99222874259,845.876204220356
3,832.200176338588,846.460946911907
