Number of PCs/Covariates,BIC (larger is better) - Schwarz 1978,log Likelihood Function Value
0,-164.34884782399,-157.192820887292
1,-166.708764882909,-157.167395633978
2,-168.160495663754,-156.23378410259
3,-170.360752526016,-156.048698652619
