Number of PCs/Covariates,BIC (larger is better) - Schwarz 1978,log Likelihood Function Value
0,-548.447847869477,-541.291820932779
1,-550.146981899367,-540.605612650436
2,-551.381600283875,-539.45488872271
3,-553.587438698967,-539.27538482557
