Number of PCs/Covariates,BIC (larger is better) - Schwarz 1978,log Likelihood Function Value
0,-144.257604902493,-137.101577965795
1,-145.251110764189,-135.709741515258
2,-145.940366591602,-134.013655030438
3,-148.0859778478,-133.773923974403
