Number of PCs/Covariates,BIC (larger is better) - Schwarz 1978,log Likelihood Function Value
0,214.146871497615,221.224619804558
1,211.841290901188,221.278288643779
2,209.679186600551,221.475433778788
3,207.448887807241,221.604384421127
