Number of PCs/Covariates,BIC (larger is better) - Schwarz 1978,log Likelihood Function Value
0,179.402263059588,186.48001136653
1,177.099090120443,186.536087863033
2,174.922339854642,186.718587032879
3,172.674961183138,186.830457797023
