Number of PCs/Covariates,BIC (larger is better) - Schwarz 1978,log Likelihood Function Value
0,-277.461089638358,-270.305062701659
1,-278.488404100812,-268.947034851881
2,-280.846787339463,-268.920075778299
3,-282.999814381202,-268.687760507805
