Number of PCs/Covariates,BIC (larger is better) - Schwarz 1978,log Likelihood Function Value
0,-216.999193160193,-209.92144485325
1,-217.359181008266,-207.922183265676
2,-219.238482308005,-207.442235129768
3,-221.738419108076,-207.582922494191
