Number of PCs/Covariates,BIC (larger is better) - Schwarz 1978,log Likelihood Function Value
0,186.975623309809,194.053371616751
1,184.676370914156,194.113368656746
2,182.502384690568,194.298631868806
3,180.234329234374,194.389825848259
