Number of PCs/Covariates,BIC (larger is better) - Schwarz 1978,log Likelihood Function Value
0,379.339974669765,386.417722976707
1,377.021450825911,386.458448568501
2,374.816517733899,386.612764912137
3,372.531430598336,386.686927212221
