Number of PCs/Covariates,BIC (larger is better) - Schwarz 1978,log Likelihood Function Value
0,118.327283432233,125.405031739176
1,116.016683116779,125.453680859369
2,113.844956616133,125.641203794371
3,111.555906689797,125.711403303682
