Number of PCs/Covariates,BIC (larger is better) - Schwarz 1978,log Likelihood Function Value
0,-37.6226833900217,-30.4666564533232
1,-39.1183449074679,-29.5769756585365
2,-40.0049546333056,-28.0782430721415
3,-42.0860754339804,-27.7740215605834
