Number of PCs/Covariates,BIC (larger is better) - Schwarz 1978,log Likelihood Function Value
0,114.764933215559,121.842681522501
1,112.443944445605,121.880942188195
2,110.227475471122,122.02372264936
3,107.944766139306,122.100262753191
