"","X","SNP","Chromosome","Position","P.value","maf","nobs","Rsquare.of.Model.without.SNP","Rsquare.of.Model.with.SNP","FDR_Adjusted_P.values","effect","Adj.P.P.value","Ind.SNP","Method","PS","Software","Method2","Trait.name"
"3377",3377,"NsiI.TP360999",1,10465743,1.5858626428584e-05,0.089622641509434,96,NA,NA,0.0249260207286809,NA,0.0249260207286808,"F106+4185","CMLM+SUPER","PS_Y","GAPIT","SUPER","GFW_50"
"3378",3378,"PstI.TP1009631",1,4625223,1.80885491499861e-05,0.0707547169811321,96,NA,NA,0.0249260207286809,NA,0.0249260207286808,"F106+4185","CMLM+SUPER","PS_Y","GAPIT","SUPER","GFW_50"
"3379",3379,"PstI.TP308053",1,8330660,3.46805893316998e-05,0.113207547169811,96,NA,NA,0.0318599013993882,NA,0.0318599013993882,"F106+4185","CMLM+SUPER","PS_Y","GAPIT","SUPER","GFW_50"
"3380",3380,"PstI.TP8376",4,59384691,4.95052320568184e-05,0.19811320754717,96,NA,NA,0.0341091048871479,NA,0.0341091048871479,"F106+4185","CMLM+SUPER","PS_Y","GAPIT","SUPER","GFW_50"
"3381",3381,"NsiI.TP57283",6,49505312,7.84293014189135e-05,0.132075471698113,96,NA,NA,0.0432302309421051,NA,0.0432302309421051,"F106+4185","CMLM+SUPER","PS_Y","GAPIT","SUPER","GFW_50"
