"","X","SNP","Chromosome","Position","P.value","maf","nobs","Rsquare.of.Model.without.SNP","Rsquare.of.Model.with.SNP","FDR_Adjusted_P.values","effect","Adj.P.P.value","Ind.SNP","Method","PS","Software","Method2","Trait.name"
"3388",3388,"NsiI.TP360999",1,10465743,1.29993936409205e-05,0.089622641509434,96,NA,NA,0.0161916953678009,NA,0.0161916953678008,"F106+4185","CMLM+SUPER","PS_Y","GAPIT","SUPER","fprinW"
"3389",3389,"PstI.TP1009631",1,4625223,1.4732335087784e-05,0.0707547169811321,96,NA,NA,0.0161916953678009,NA,0.0161916953678008,"F106+4185","CMLM+SUPER","PS_Y","GAPIT","SUPER","fprinW"
"3390",3390,"PstI.TP308053",1,8330660,1.76252126645147e-05,0.113207547169811,96,NA,NA,0.0161916953678009,NA,0.0161916953678008,"F106+4185","CMLM+SUPER","PS_Y","GAPIT","SUPER","fprinW"
"3391",3391,"PstI.TP8376",4,59384691,4.80047225345877e-05,0.19811320754717,96,NA,NA,0.0330752538263309,NA,0.0330752538263309,"F106+4185","CMLM+SUPER","PS_Y","GAPIT","SUPER","fprinW"
