"","X","SNP","Chromosome","Position","P.value","maf","nobs","Rsquare.of.Model.without.SNP","Rsquare.of.Model.with.SNP","FDR_Adjusted_P.values","effect","Adj.P.P.value","Ind.SNP","Method","PS","Software","Method2","Trait.name"
"3382",3382,"NsiI.TP360999",1,10465743,6.95394626729445e-06,0.089622641509434,96,NA,NA,0.00820461117697561,NA,0.00820461117697561,"F106+4185","CMLM+SUPER","PS_Y","GAPIT","SUPER","HD_50"
"3383",3383,"PstI.TP308053",1,8330660,8.42056427819851e-06,0.113207547169811,96,NA,NA,0.00820461117697561,NA,0.00820461117697561,"F106+4185","CMLM+SUPER","PS_Y","GAPIT","SUPER","HD_50"
"3384",3384,"PstI.TP1009631",1,4625223,8.93099910410988e-06,0.0707547169811321,96,NA,NA,0.00820461117697561,NA,0.00820461117697561,"F106+4185","CMLM+SUPER","PS_Y","GAPIT","SUPER","HD_50"
"3385",3385,"PstI.TP8376",4,59384691,3.73731587292057e-05,0.19811320754717,96,NA,NA,0.0257501063644227,NA,0.0257501063644227,"F106+4185","CMLM+SUPER","PS_Y","GAPIT","SUPER","HD_50"
