CV,Effect
1,37.2013166992582
2,36.9977491010699
3,37.5094736042277
4,36.664261785641
5,36.9783059255316
6,36.5176851504575
7,39.0773558101126
8,37.2127640355551
