"SNP.N","Trait.name","Method","SNP","Chromosome","Position","P.value"
"116","CCirc_cm","mrMLM","PstI.TP457393",1,60097068,1.55113643783111e-10
"116","CCirc_cm","mrMLM","PstI.TP308053",1,8330660,1.79299054748715e-05
"116","CCirc_cm","mrMLM","PstI.TP401147",11,3119,2.43350924228263e-05
"116","CCirc_cm","FASTmrMLM","PstI.TP401147",11,3119,6.55541212399099e-06
"116","CCirc_cm","FASTmrEMMA","PstI.TP392482",1,17611146,5.36290371800858e-05
"116","CCirc_cm","ISIS EM-BLASSO","PstI.TP1071296",11,7466,1.80509473713157e-09
"116","CCirc_cm","FarmCPU","PstI.TP401147",11,3119,2.82646170481063e-07
"116","CCirc_cm","FarmCPU","PstI.TP345529",6,60263361,4.30386344051081e-06
