"SNP.N","Trait.name","Method","SNP","Chromosome","Position","P.value"
"116","CmD_LI_mm","mrMLM","PstI.TP457393",1,60097068,1.79321350106639e-07
"116","CmD_LI_mm","mrMLM","PstI.TP18098",2,23769344,1.24424240946865e-05
"116","CmD_LI_mm","FASTmrMLM","PstI.TP18098",2,23769344,2.7739587587299e-05
"116","CmD_LI_mm","FASTmrEMMA","PstI.TP457393",1,60097068,2.23357222283053e-05
"116","CmD_LI_mm","ISIS EM-BLASSO","PstI.TP1181476",5,2299991,3.50751873952568e-05
"116","CmD_LI_mm","ISIS EM-BLASSO","NsiI.TP578256",11,16314,0.000105390144506916
"116","CmD_LI_mm","FarmCPU","PstI.TP961110",1,65184135,4.76260297116449e-07
"116","CmD_LI_mm","FarmCPU","PstI.TP457393",1,60097068,1.08115572689804e-05
