"SNP.N","Trait.name","Method","SNP","Chromosome","Position","P.value"
"116","FD","mrMLM","PstI.TP925206",10,58730377,3.86359859976886e-07
"116","FD","mrMLM","PstI.TP403269",11,3130,9.86951928524591e-05
"116","FD","FASTmrMLM","PstI.TP925206",10,58730377,0.000101134655629712
"116","FD","FASTmrEMMA","PstI.TP925206",10,58730377,4.73042324399955e-07
"116","FD","ISIS EM-BLASSO","PstI.TP694469",2,61192392,2.32487710150164e-05
"116","FD","ISIS EM-BLASSO","PstI.TP925206",10,58730377,5.52331738887285e-06
"116","FD","FarmCPU","PstI.TP1032679",4,63918789,9.62399112114718e-07
"116","FD","FarmCPU","PstI.TP470828",11,3576,4.4692109397201e-06
