"SNP.N","Trait.name","Method","SNP","Chromosome","Position","P.value"
"116","Lg","GLM","PstI.TP354335",3,50899095,3.12423386392073e-07
"116","Lg","GLM","PstI.TP1020277",1,23246220,2.97639661645913e-06
"116","Lg","GLM","NsiI.TP361622",1,69534233,4.5225012253048e-06
"116","Lg","SUPER","PstI.TP354335",3,50899095,1.9986285679669e-12
"116","Lg","SUPER","PstI.TP1020277",1,23246220,5.48999916240198e-10
"116","Lg","SUPER","NsiI.TP361622",1,69534233,5.92978420904921e-13
"116","Lg","SUPER","PstI.TP1134201",9,49341921,1.64022476081279e-10
"116","Lg","rrBLUP","PstI.TP1000965",6,57296544,1.31136053091202e-05
