"SNP.N","Trait.name","Method","SNP","Chromosome","Position","P.value"
"116","Yld_kg","mrMLM","PstI.TP647611",4,59195320,0.000184553378519463
"116","Yld_kg","mrMLM","PstI.TP745785",6,45615805,3.59519126583141e-05
"116","Yld_kg","mrMLM","PstI.TP1071296",11,7466,9.12510772178882e-07
"116","Yld_kg","FASTmrMLM","PstI.TP834454",11,5776,1.29837456761482e-07
"116","Yld_kg","FASTmrEMMA","PstI.TP1071296",11,7466,6.82338694141669e-09
"116","Yld_kg","ISIS EM-BLASSO","PstI.TP789647",3,69354547,3.18273148217078e-05
"116","Yld_kg","ISIS EM-BLASSO","PstI.TP745785",6,45615805,1.86037288059505e-06
"116","Yld_kg","ISIS EM-BLASSO","PstI.TP393060",11,3059,6.65273156201742e-05
"116","Yld_kg","FarmCPU","PstI.TP10996",6,57974096,1.89517275871784e-06
