CV,Effect
1,8.25803810098178
2,8.4389506748102
3,7.99639665207162
4,8.0919871490032
5,8.0266284887214
6,8.01033323559695
7,7.7036874761669
8,8.76712813864787
