CV,Effect
1,-7540.01428249711
2,-7497.65343455155
3,-7478.72696597781
4,-7531.38070483948
5,-7487.9362542266
6,-7549.03341273079
7,-7585.24739503092
8,-7479.16059162398
