CV,Effect
1,-70.6367740482128
2,-70.1850698719827
3,-69.7650378688959
4,-70.5930784166994
5,-69.7663205485151
6,-70.7239328513097
7,-71.190689043251
8,-69.7504050698954
