CV,Effect
1,872.019538495319
2,872.161589615505
3,867.996069020635
4,878.985502820928
5,872.822645788518
6,874.15014042025
7,878.448697793938
8,875.043640843811
