CV,Effect
1,-66.3551958793866
2,-66.3733775411796
3,-66.0494955355464
4,-66.8207744226834
5,-65.537430802772
6,-67.3221813531082
7,-65.808481448086
8,-67.075379559616
