CV,Effect
1,-346.71618987096
2,-347.958786807489
3,-346.225920597702
4,-348.700764715933
5,-343.811078859086
6,-351.789566940715
7,-348.604756468238
8,-343.631740319426
