CV,Effect
1,-224.094353527864
2,-223.300237392847
3,-222.284341234845
4,-226.034852685523
5,-220.962517672087
6,-225.257861398699
7,-225.386881196071
8,-221.01976315261
