CV,Effect
1,-146.078740196048
2,-145.079592333386
3,-144.229081210528
4,-147.169424268606
5,-144.117261265848
6,-146.653467107346
7,-147.416469991993
8,-144.23974680488
