CV,Effect
1,-154.982451140015
2,-154.682854097038
3,-154.108251149017
4,-156.18584161652
5,-153.65581510061
6,-155.867149937854
7,-155.898718184711
8,-153.493107257033
