CV,Effect
1,-63.9274230008377
2,-65.3537840556019
3,-66.7924771827311
4,-66.0041440854839
5,-67.7968170467284
6,-66.4290893895377
7,-64.7296474177783
8,-67.323212707226
