CV,Effect
1,-9.26792022551308
2,-8.81882881961792
3,-8.66519400753532
4,-9.65129631520176
5,-8.62609636367415
6,-9.51976145073786
7,-10.0752076688914
8,-8.36922171285551
