CV,Effect
1,-158.141602665892
2,-158.595758999203
3,-157.618245318212
4,-159.934838000234
5,-157.288777945636
6,-159.365213489487
7,-159.350473202605
8,-157.387194674266
