CV,Effect
1,1.62826090791184
2,3.48032586469158
3,3.30769841379883
4,3.25502753875641
5,1.83065477504353
6,3.22927018309139
7,4.05313122884314
8,3.74535696668271
