CV,Effect
1,0.000738441752612989
2,-0.000579058466144096
3,-3.58197354828962e-05
