CV,Effect
1,-0.00622582339719786
2,-0.000930875873160333
3,0.00235272217137943
