CV,Effect
1,-0.0215820247264943
2,-0.00124980960820058
3,0.0143788927618895
