CV,Effect
1,-0.0137478623177701
2,0.00446436487095803
3,-0.00230670918998624
