CV,Effect
1,-0.0228316492423778
2,0.00105706875207359
3,-0.0012376765839808
