CV,Effect
1,-0.0109256833969256
2,-0.00854322119285415
3,0.0137327641961659
