CV,Effect
1,-0.0416437452278842
2,-0.247907364893908
3,0.101134934495448
