"","SNP","Chromosome","Position","FarmCPU.fprind","FarmCPU.fprinW","FarmCPU.fprinGW","FarmCPU.fprinM","Adj.P.FarmCPU.fprind","Adj.P.FarmCPU.fprinW","Adj.P.FarmCPU.fprinGW","Adj.P.FarmCPU.fprinM"
"2369","PstI.TP477722",1,65237049,0.964033528939463,0.198318749132692,0.597184677946664,0.000000000000232167160623676,1,1,1,0.00000000837844849258722
"2862","NsiI.TP632002",1,70863814,0.000000000000000630966719778559,0.00000000000167178204664013,0.00000000000586594751167545,0.0000612764249518106,0.0000000000227703269833686,0.000000060331270499149,0.000000211690313801344,1
"5430","PstI.TP1027360",2,64471256,0.112285623026977,0.000000748313325095292,0.00000236722403987349,0.591297092215265,1,0.0270051312760389,0.0854283811509545,1
"8113","PstI.TP114049",3,56021694,0.224533664775027,0.831193715424431,0.739432308725007,0.00000033518961202167,1,1,1,0.012096322718638
"10850","NsiI.TP42348",4,49820590,0.0163772090567415,0.0165966984805128,0.000000829409552874429,0.000339607276731888,1,1,0.0299317319441324,1
"20097","NsiI.TP222743",10,6819373,0.00000249089595794231,0.00885130583640213,0.000000121144674546485,0.0358049142167108,0.0898914533302221,1,0.00437186901503355,1
"20628","NsiI.TP178513",10,44909091,0.00554815549274899,0.0000920845109312468,0.000386173870516454,0.000000336911468098776,1,1,1,0.0121584610607486
"21080","PstI.TP202284",10,56175041,0.000951243147924822,0.0000000452644854517118,0.000000220502378269537,0.179317251914717,1,0.00163350475098138,0.00795748982699105,1
"35155","NsiI.TP728788",11,18071,0.000000000000356713705775774,0.00000000486479200852528,0.0000000000594892394664439,0.223969559031248,0.0000000128730842140361,0.00017556061400366,0.00000214684767386503,1
