CV,Effect
1,20.5906981240778
2,20.6555381769258
3,20.5800183469955
4,20.7293299333032
5,20.7267546122675
6,20.3547775448924
7,20.2989951241443
8,20.6828339358308
