CV,Effect
1,-99.1837886785797
2,-101.811355819038
3,-102.718571594727
4,-102.889808441556
5,-101.551691869186
6,-102.906418040919
7,-110.041617574301
8,-99.3866806238948
