CV,Effect
1,-164.120632812167
2,-164.927946994179
3,-165.647557710262
4,-168.782286066025
5,-167.123851168465
6,-167.956095726953
7,-168.296921760569
8,-166.076296165222
