CV,Effect
1,-110.095919714084
2,-109.827880957258
3,-109.489116757686
4,-110.335693272653
5,-108.806712760634
6,-110.925524008613
7,-113.299636599382
8,-108.651649409709
