CV,Effect
1,-23.8277632800131
2,-24.2637380294967
3,-23.5800696908425
4,-25.4726039928678
5,-22.8738359992343
6,-25.2195957567916
7,-23.3990689694932
8,-24.6903596938607
