CV,Effect
1,3.74243128617672
2,4.28893184011758
3,4.34237618212501
4,3.60589202015035
5,4.50169944005756
6,3.55238908865067
7,2.60018260789002
8,4.66536487621488
