CV,Effect
1,50.7205582093987
2,50.6497092080196
3,50.7964441443021
4,50.5830767016491
5,50.7156204361889
6,50.5096329214136
7,51.739860844908
8,51.1149263525223
