CV,Effect
1,5.11153271284638
2,5.04942343834045
3,5.0642816651789
4,4.91290872923491
5,5.32277289042395
6,5.15220499585666
7,5.0538036404223
8,5.2450221351628
