CV,Effect
1,6.65710569616476
2,6.53999477018533
3,6.56402952269309
4,6.38099321473965
5,6.91146836805729
6,6.68265495381456
7,6.51583489222776
8,6.79381149578785
