CV,Effect
1,19.9142869353527
2,19.4995970499112
3,19.6067095407052
4,18.9138064335202
5,20.8375277526393
6,19.994280552055
7,19.3453025663111
8,20.4111864690858
