CV,Effect
1,7.00251711039008
2,6.80116753683311
3,6.7257358760776
4,6.67053689655606
5,6.60564050755233
6,6.70865018816967
7,6.76710349761185
8,7.48019721285955
