CV,Effect
1,1.24161515609785
2,1.18427246750389
3,1.20193437436683
4,1.11883482533767
5,1.33966059170143
6,1.24267624791719
7,1.18069120603968
8,1.28835392507881
