CV,Effect
1,-112.599847628982
2,-114.032553455545
3,-114.696666374191
4,-114.255550517031
5,-113.663794909502
6,-115.435163722854
7,-120.94319575002
8,-111.741462312115
