CV,Effect
1,0.418111971599956
2,0.408561313794053
3,0.410841173736117
4,0.399861497633879
5,0.434211294284523
6,0.418374606936709
7,0.407285242104535
8,0.426351028421664
