CV,Effect
1,1.52996362659542
2,1.48296417067604
3,1.49758871389304
4,1.42232968154121
5,1.62005748487036
6,1.53445568437837
7,1.47630149514634
8,1.57598512939285
