CV,Effect
1,-271.202527031564
2,-272.043173329032
3,-270.91155781009
4,-270.5060233642
5,-266.359683379589
6,-275.638029172027
7,-277.735627689195
8,-268.242842407519
