CV,Effect
1,1.07397494337818
2,1.05294388601703
3,1.05659554068484
4,1.03197041561657
5,1.11028960005626
6,1.07554001738072
7,1.04994928115025
8,1.09165477006513
