CV,Effect
1,1.08851059361655
2,1.07258507617792
3,1.07615257268208
4,1.04799333692279
5,1.12894162413761
6,1.09313948494025
7,1.07267511819884
8,1.11018516547608
