CV,Effect
1,44.7529880843978
2,45.9765859994696
3,44.7759005004011
4,44.5830911746313
5,44.2762858845788
6,44.8218516548499
7,44.3019842789513
8,46.4852254773648
