CV,Effect
1,3.0688945183183
2,2.99054328721468
3,3.01266931761802
4,2.89269807982828
5,3.23120468239676
6,3.07961833753052
7,2.97422161331633
8,3.15453508258179
