CV,Effect
1,-95.5260584055286
2,-94.3665263522998
3,-93.7799985889651
4,-95.8332789494889
5,-93.3687140001057
6,-95.9655531396638
7,-98.3134424543969
8,-93.6559123648622
