CV,Effect
1,0.53056452787655
2,0.505621053894629
3,0.514569159831808
4,0.47291726481194
5,0.578317689806227
6,0.531771894872918
7,0.505767139538875
8,0.555751574805527
