CV,Effect
1,-5443.56454417366
2,-5400.566250982
3,-5390.72183893202
4,-5408.49283167277
5,-5394.96187210269
6,-5450.76516792621
7,-5547.99347754847
8,-5382.83547446853
