CV,Effect
1,-171.216374668598
2,-170.364850834463
3,-169.697434589514
4,-171.658593445638
5,-167.623428599676
6,-172.209014265172
7,-175.569450089039
8,-168.215355014443
