CV,Effect
1,-51.8742851636671
2,-51.3332107174501
3,-51.0193104672253
4,-51.5154863150929
5,-50.8402170898298
6,-51.8915774225388
7,-52.9389060128669
8,-50.9727074658549
