CV,Effect
1,12.7744424258344
2,12.4035172786589
3,12.5182828742472
4,11.9167688097459
5,13.4754695780011
6,12.8136260381234
7,12.3158330819369
8,13.1387746455839
