CV,Effect
1,2.57768939070456
2,2.51635704207092
3,2.53289382968615
4,2.44096290356856
5,2.70983138199927
6,2.58736855862344
7,2.50124737549186
8,2.64845869444298
