CV,Effect
1,-134.667154433926
2,-134.972858066169
3,-134.218614254038
4,-135.519689669527
5,-133.389040574933
6,-135.720870697878
7,-137.452747987627
8,-133.893901601354
