CV,Effect
1,5.40212999544201
2,5.32280458959667
3,5.34495055602019
4,5.1580383022274
5,5.65291048346353
6,5.44431351976891
7,5.33199073583637
8,5.55580128753809
