CV,Effect
1,-0.0015043325900308
2,-0.00154194251262396
3,-0.00133865036931269
4,-0.00186823373571343
5,-0.000889839756242239
6,-0.0013768492224262
7,-0.001242575503829
8,-0.0011773386419982
