CV,Effect
1,6.08920882464099
2,5.96480623857315
3,5.99449759101662
4,5.83438888964338
5,6.30545340683602
6,6.09729331016024
7,5.95139872124673
8,6.20285685098861
