CV,Effect
1,2.04613656371885
2,2.01794498352001
3,2.02516420385109
4,1.94944026155872
5,2.15437939137928
6,2.06432528286769
7,2.02828302675653
8,2.10757105454468
