CV,Effect
1,2.06436237437447
2,1.99425855878098
3,2.01392711887911
4,1.90979787802735
5,2.20255386905683
6,2.07167817600975
7,1.98495882250427
8,2.13572495508743
