CV,Effect
1,44.8783600690294
2,43.2966468064114
3,42.6452353538916
4,43.7260536659232
5,43.5271660731378
6,42.9859229118665
7,40.7578112405754
8,44.2870016447196
