CV,Effect
1,0.58061171982672
2,0.544578650625681
3,0.561259782985417
4,0.491913402770933
5,0.646605263249057
6,0.581889372647311
7,0.548587823460593
8,0.619396615756614
