CV,Effect
1,0.59353534617361
2,0.584121485337164
3,0.586094940459418
4,0.57088584299072
5,0.616308077314443
6,0.596165749996089
7,0.582254983749976
8,0.605914280474167
