CV,Effect
1,25.1456737103072
2,24.5647274881849
3,24.724247327882
4,23.7764690956974
5,26.3515821330911
6,25.2360069123388
7,24.3891198363162
8,25.7864153482733
