CV,Effect
1,0.982639977241433
2,0.950701961977757
3,0.959192809323895
4,0.907809043092129
5,1.06381532232353
6,0.99139889263688
7,0.940012581264909
8,1.02995361510648
