"","SNP","Chromosome","Position","GLM.FD_1","MLM.FD_1","CMLM.FD_1","SUPER.FD_1","rrBLUP.FD_1","Adj.P.GLM.FD_1","Adj.P.MLM.FD_1","Adj.P.CMLM.FD_1","Adj.P.SUPER.FD_1","Adj.P.rrBLUP.FD_1"
"3079","PstI.TP1004938",1,72895372,0.00886398486495331,0.0269017075788852,0.0269017075788852,6.47987922135478e-07,0.00475768642921883,0.29418788456548,0.998272869407756,0.998272869407756,0.00608675556668668,1
"3455","NsiI.TP528762",1,76435180,0.00772176516769768,0.0109956828710169,0.0109956828710169,1.13399712829971e-06,1,0.283919427130562,0.998272869407756,0.998272869407756,0.00818473767321599,1
"4137","PstI.TP14467",10,3103147,0.00252675292081323,0.0193174010625631,0.0193174010625631,3.91285902524478e-07,0.523453949876977,0.2532929427953,0.998272869407756,0.998272869407756,0.00608675556668668,1
"5229","NsiI.TP652320",10,54138549,0.00563728813783126,0.00148469625248421,0.00148469625248421,2.16678300672843e-06,0.873170604593885,0.272162131287692,0.998272869407756,0.998272869407756,0.00977435814335195,1
"11287","PstI.TP989816",11,6875,0.00658218458316968,0.0169525153913591,0.0169525153913591,1.89850504986506e-06,1,0.278147397233522,0.998272869407756,0.998272869407756,0.00977435814335195,1
"12296","PstI.TP1165702",11,8193,0.0022553589764842,0.000508063002290824,0.000508063002290824,1.80005481562822e-07,0.739449522174503,0.247807974325687,0.998272869407756,0.998272869407756,0.00608675556668668,1
"19142","NsiI.TP689875",11,17622,2.13599231202183e-05,0.000360914578311341,0.000360914578311341,6.7465701249021e-07,1,0.206236174841333,0.998272869407756,0.998272869407756,0.00608675556668668,1
"19240","NsiI.TP701971",11,17760,0.000317843210478265,0.00163234476380465,0.00163234476380465,1.7717000111128e-06,0.555884769871437,0.206236174841333,0.998272869407756,0.998272869407756,0.00977435814335195,1
