"","SNP","Chromosome","Position","FarmCPU.fprind","FarmCPU.fprinW","FarmCPU.fprinGW","FarmCPU.fprinM","Adj.P.FarmCPU.fprind","Adj.P.FarmCPU.fprinW","Adj.P.FarmCPU.fprinGW","Adj.P.FarmCPU.fprinM"
"2369","PstI.TP477722",1,65237049,0.964033528939463,0.198318749132692,0.597184677946664,2.32167160623676e-13,1,1,1,8.37844849258722e-09
"2862","NsiI.TP632002",1,70863814,6.30966719778559e-16,1.67178204664013e-12,5.86594751167545e-12,6.12764249518106e-05,2.27703269833686e-11,6.0331270499149e-08,2.11690313801344e-07,1
"5430","PstI.TP1027360",2,64471256,0.112285623026977,7.48313325095292e-07,2.36722403987349e-06,0.591297092215265,1,0.0270051312760389,0.0854283811509545,1
"8113","PstI.TP114049",3,56021694,0.224533664775027,0.831193715424431,0.739432308725007,3.3518961202167e-07,1,1,1,0.012096322718638
"10850","NsiI.TP42348",4,49820590,0.0163772090567415,0.0165966984805128,8.29409552874429e-07,0.000339607276731888,1,1,0.0299317319441324,1
"20097","NsiI.TP222743",10,6819373,2.49089595794231e-06,0.00885130583640213,1.21144674546485e-07,0.0358049142167108,0.0898914533302221,1,0.00437186901503355,1
"20628","NsiI.TP178513",10,44909091,0.00554815549274899,9.20845109312468e-05,0.000386173870516454,3.36911468098776e-07,1,1,1,0.0121584610607486
"21080","PstI.TP202284",10,56175041,0.000951243147924822,4.52644854517118e-08,2.20502378269537e-07,0.179317251914717,1,0.00163350475098138,0.00795748982699105,1
"35155","NsiI.TP728788",11,18071,3.56713705775774e-13,4.86479200852528e-09,5.94892394664439e-11,0.223969559031248,1.28730842140361e-08,0.00017556061400366,2.14684767386503e-06,1
