CV,Effect
1,-0.0129783573973056
2,0.0150665933276413
3,0.00635793559207326
