CV,Effect
1,-0.0442891653812347
2,0.0105060494841043
3,0.011441577607072
