CV,Effect
1,-0.0343170373675776
2,0.00633721534978926
3,-0.00384116682551433
