CV,Effect
1,0.010979269964813
2,0.00708015356605296
3,0.00233396574060392
