CV,Effect
1,0.00391931069894769
2,0.0412785951093428
3,0.00340596238503973
