CV,Effect
1,3.4507020229521
2,3.11430245962401
3,3.25910034453227
4,2.39376066801924
5,4.14853612788102
6,3.49663930453789
7,3.53297084330916
8,3.83300581536423
