CV,Effect
1,3.0091942473382
2,2.94877024120433
3,2.96956390284777
4,2.76393037502748
5,3.20944039685219
6,3.04482894747071
7,3.05480710816119
8,3.14077707172601
