CV,Effect
1,-254.102749855461
2,-254.665519317117
3,-254.960221033412
4,-256.924494590567
5,-253.536837040316
6,-256.191282389467
7,-256.605557564326
8,-252.557999443015
