CV,Effect
1,0.0187841356696481
2,-0.00900707984988003
3,0.00266129347710375
4,-0.0763434648104067
5,0.100763935778787
6,0.0288747579961637
7,0.033579883900984
8,0.0685203362770608
