CV,Effect
1,0.0610101273366581
2,0.0382458677282784
3,0.0490163840781861
4,-0.0096895808935642
5,0.107262160164737
6,0.0626028144973816
7,0.0708601535540083
8,0.0874291990770644
