CV,Effect
1,0.404653478447244
2,0.361523122375274
3,0.379735208233114
4,0.272633227123151
5,0.493465742346871
6,0.409629239531569
7,0.415788481834852
8,0.452558892184243
