CV,Effect
1,0.349713154044366
2,0.285646440811888
3,0.310750187993108
4,0.158583824736525
5,0.486464963364597
6,0.358003428122174
7,0.368381047411276
8,0.424108695284758
