CV,Effect
1,0.631470127720945
2,0.612275229255829
3,0.617445518823388
4,0.579520537716348
5,0.667925332524419
6,0.633461093924439
7,0.63485315720709
8,0.650158034129731
