CV,Effect
1,9.6148348622628
2,9.0977996854017
3,9.3089802989125
4,7.90767075035183
5,10.8228956334751
6,9.72203997454562
7,9.7943954828188
8,10.2913901817992
