CV,Effect
1,0.96667990186188
2,0.912419698933263
3,0.934371573530825
4,0.795161618697421
5,1.09997843769861
6,0.978594734381659
7,0.988445922508163
8,1.04159532376661
