CV,Effect
1,-256.093455543611
2,-257.72838208545
3,-258.220975390213
4,-261.34312580539
5,-256.872453509146
6,-259.010485857551
7,-259.911858083564
8,-255.525128931753
