CV,Effect
1,0.682437038680177
2,0.668021057993769
3,0.672987839586767
4,0.632354372066061
5,0.722425567150367
6,0.687216634723541
7,0.691966482401085
8,0.704853547720745
