CV,Effect
1,3.07152874277745
2,2.99545103946639
3,3.0247840741531
4,2.77111703760875
5,3.30941260139844
6,3.10889934702664
7,3.12989863300481
8,3.22425162294803
