CV,Effect
1,-0.110169892493104
2,-0.143637677236256
3,-0.124565113471135
4,-0.216220453178039
5,-0.0466796623090886
6,-0.108679504863176
7,-0.0972485406282431
8,-0.0700964729423958
