CV,Effect
1,-0.0469770353633976
2,-0.100481374605351
3,-0.0789139709613664
4,-0.196881026491155
5,0.0486269591515338
6,-0.0458031545063022
7,-0.0375440688371782
8,0.00141098351105029
