CV,Effect
1,8.23758075631849
2,7.87432787872604
3,8.02106964676204
4,6.97951402073522
5,9.16479943250306
6,8.33333607997338
7,8.39121055664145
8,8.76459311298458
