CV,Effect
1,0.327840120317546
2,0.319454147876911
3,0.322314058702659
4,0.299442405503271
5,0.3507921009151
6,0.330673236874475
7,0.33233392724253
8,0.340755813730141
