CV,Effect
1,3.26210322659517
2,3.14848342767709
3,3.18747626470758
4,2.94740369754709
5,3.48081734509742
6,3.27236565705789
7,3.28908775271975
8,3.38135905626223
