CV,Effect
1,-13.1292041079287
2,-14.399658554059
3,-14.9078649642761
4,-14.7907205990268
5,-13.9478254247515
6,-14.7621778365137
7,-14.970933448174
8,-13.4812941584678
