CV,Effect
1,3.49164990258396
2,3.38717043039014
3,3.42179514863983
4,3.14732200236722
5,3.74874726008693
6,3.52006666134912
7,3.53913499161899
8,3.63514204880357
