CV,Effect
1,1.07507293522849
2,1.00483591102284
3,1.03355074776573
4,0.855777140535793
5,1.23763034052399
6,1.08791664523778
7,1.0996738121521
8,1.165238240902
