CV,Effect
1,1.3842073267233
2,1.35754593511251
3,1.36753024669929
4,1.26452341142112
5,1.48605151304218
6,1.40060323514331
7,1.41880538444821
8,1.44566862147553
