CV,Effect
1,0.209430909806258
2,0.20071274369684
3,0.203684327461701
4,0.18675542963598
5,0.225748923639003
6,0.209893110722021
7,0.210905395596967
8,0.218120066210247
