"","X","SNP","Chromosome","Position","P.value","maf","nobs","Rsquare.of.Model.without.SNP","Rsquare.of.Model.with.SNP","FDR_Adjusted_P.values","effect","Adj.P.P.value","Ind.SNP","Method","PS","Software","Method2","Trait.name"
"331",331,"PstI.TP534866",10,59187610,2.77402145537116e-07,0.160394079225094,114,NA,NA,0.0072773678860207,NA,0.0072773678860207,"+36088im","CMLM+SUPER","PS_Y","GAPIT","SUPER","FD"
"332",332,"NsiI.TP323814",11,12684,8.48869567517965e-07,0.192846515210847,114,NA,NA,0.0111346221171331,NA,0.0111346221171331,"+36088im","CMLM+SUPER","PS_Y","GAPIT","SUPER","FD"
"333",333,"NsiI.TP444478",2,69620378,2.02359934455597e-06,0.213052796763879,114,NA,NA,0.0176957017350271,NA,0.0176957017350271,"+36088im","CMLM+SUPER","PS_Y","GAPIT","SUPER","FD"
"334",334,"PstI.TP1239894",2,61692152,3.02016561584281e-06,0.159034344108099,114,NA,NA,0.0198077561915051,NA,0.0198077561915051,"+36088im","CMLM+SUPER","PS_Y","GAPIT","SUPER","FD"
"335",335,"NsiI.TP760848",10,61039702,6.66030387711898e-06,0.159132300402285,114,NA,NA,0.0349452823824679,NA,0.0349452823824679,"+36088im","CMLM+SUPER","PS_Y","GAPIT","SUPER","FD"
"336",336,"PstI.TP44840",11,382,8.23556785516842e-06,0.108157200240671,114,NA,NA,0.0360086478520814,NA,0.0360086478520814,"+36088im","CMLM+SUPER","PS_Y","GAPIT","SUPER","FD"
