VAR,SNPs,PctExp(PVE),SNP,Chromosome,Position,P.value
FD_1,PstI.TP477722,5.78340118,PstI.TP477722,1,65237049,7.24E-06
,NsiI.TP321836,9.129275541,NsiI.TP321836,10,43096218,8.31E-05
,NsiI.TP789014,2.604678922,NsiI.TP789014,1,28276920,0.000223572
,PstI.TP189070,2.9597594,PstI.TP189070,11,1540,0.014326216
,PstI.TP114049,1.534583184,PstI.TP114049,3,56021694,0.023971565
,Residuals,77.98830177,,,,
FW_1,PstI.TP477722,5.609896468,PstI.TP477722,1,65237049,9.27E-06
,NsiI.TP321836,9.224758209,NsiI.TP321836,10,43096218,9.38E-05
,NsiI.TP789014,2.696715604,NsiI.TP789014,1,28276920,0.000182227
,PstI.TP189070,3.063190075,PstI.TP189070,11,1540,0.009454153
,PstI.TP114049,1.538245587,PstI.TP114049,3,56021694,0.019204305
,Residuals,77.86719406,,,,
GFW_1,NsiI.TP632002,11.90008003,NsiI.TP632002,1,70863814,1.01E-10
,NsiI.TP728788,1.260719895,NsiI.TP728788,11,18071,6.32E-10
,PstI.TP819930,0.823526888,PstI.TP819930,4,61490425,0.040200125
,Residuals,86.01567318,,,,
FM_1,PstI.TP319062,3.633260004,PstI.TP319062,11,2525,1.23E-05
,NsiI.TP579718,0.00555644,NsiI.TP579718,3,64789626,0.002987402
,NsiI.TP178513,0.813025854,NsiI.TP178513,10,44909091,0.015745266
,Residuals,95.5481577,,,,
PC_D,NsiI.TP632002,12.14911991,NsiI.TP632002,1,70863814,2.28E-11
,NsiI.TP728788,1.609388497,NsiI.TP728788,11,18071,1.29E-08
,Residuals,86.24149159,,,,
PC_GW,NsiI.TP632002,10.97666925,NsiI.TP632002,1,70863814,2.12E-07
,NsiI.TP728788,1.185837594,NsiI.TP728788,11,18071,2.15E-06
,NsiI.TP222743,3.008386813,NsiI.TP222743,10,6819373,0.004371384
,PstI.TP202284,0.73158078,PstI.TP202284,10,56175041,0.007956608
,NsiI.TP42348,0.06598745,NsiI.TP42348,4,49820590,0.029928414
,Residuals,84.03153811,,,,
PC_M,PstI.TP477722,6.799585758,PstI.TP477722,1,65237049,8.38E-09
,PstI.TP114049,1.281198953,PstI.TP114049,3,56021694,0.012094982
,NsiI.TP178513,0.00175873,NsiI.TP178513,10,44909091,0.012157113
,Residuals,91.91745656,,,,
PC_W,NsiI.TP632002,12.29532572,NsiI.TP632002,1,70863814,6.03E-08
,NsiI.TP728788,1.346710524,NsiI.TP728788,11,18071,0.000175541
,PstI.TP202284,0.676006132,PstI.TP202284,10,56175041,0.001633324
,PstI.TP1027360,0.219566741,PstI.TP1027360,2,64471256,0.027002138
,Residuals,85.46239088,,,,
