"","SNP","Chromosome","Position","GLM.Yld_kg","MLM.Yld_kg","CMLM.Yld_kg","SUPER.Yld_kg","rrBLUP.Yld_kg","Adj.P.GLM.Yld_kg","Adj.P.MLM.Yld_kg","Adj.P.CMLM.Yld_kg","Adj.P.SUPER.Yld_kg","Adj.P.rrBLUP.Yld_kg"
"34569","PstI.TP723544",9,1942972,0.226412710262574,0.226377166881324,0.226704073677367,0.767752062398327,0.000000121665376464552,0.942340963599698,0.942337710286779,0.99955941749518,0.999956789360881,0.00439066010585275
