"","SNP","Chromosome","Position","GLM.HW_1","MLM.HW_1","CMLM.HW_1","SUPER.HW_1","rrBLUP.HW_1","Adj.P.GLM.HW_1","Adj.P.MLM.HW_1","Adj.P.CMLM.HW_1","Adj.P.SUPER.HW_1","Adj.P.rrBLUP.HW_1"
"586","NsiI.TP476261",1,6164220,0.002750535677847,0.0221611220964039,0.0221611220964039,1.0423544482828e-06,1,0.298082076703131,0.998065864170896,0.998065864170896,0.0125388291098766,1
"3079","PstI.TP1004938",1,72895372,0.0101359190351412,0.0267452094503167,0.0267452094503167,2.277301042932e-06,0.00690363113865367,0.343783100696173,0.998065864170896,0.998065864170896,0.016436648007466,1
"12296","PstI.TP1165702",11,8193,0.00213508282558,0.00052051831690196,0.00052051831690196,4.9745569177709e-07,0.828707373890433,0.279286672708553,0.998065864170896,0.998065864170896,0.00897609050242581,1
"13146","NsiI.TP13900",11,9274,0.00715130412604058,0.0405875205852543,0.0405875205852543,2.04505215793818e-06,0.369843428802021,0.322692608258132,0.998065864170896,0.998065864170896,0.016436648007466,1
"15508","NsiI.TP318460",11,12617,0.000735402323414947,0.00844962880748872,0.00844962880748872,4.01734873410771e-07,0.9775466015043,0.277412358493547,0.998065864170896,0.998065864170896,0.00897609050242581,1
