CV,Effect
1,31.7662471768144
2,31.5009034386449
3,31.4360738424703
4,31.7929269477409
5,31.6155917089573
6,31.2673263044007
7,30.6411656225055
8,31.617044395939
