"SNP.N","Trait.name","Method","SNP","Chromosome","Position","P.value"
"116","FD_50","mrMLM","PstI.TP360841",2,2832783,2.26037762678041e-05
"116","FD_50","mrMLM","PstI.TP532426",7,64966356,8.37691290318917e-06
"116","FD_50","mrMLM","PstI.TP1159423",11,8140,0.000114758800448068
"116","FD_50","FASTmrMLM","PstI.TP935651",4,66370793,0.000127908674963875
"116","FD_50","FASTmrEMMA","PstI.TP532426",7,64966356,6.14752070319312e-05
"116","FD_50","FASTmrEMMA","PstI.TP1159423",11,8140,2.50957396370284e-07
"116","FD_50","pLARmEB","PstI.TP1231486",2,73904492,4.37421373568131e-05
"116","FD_50","pLARmEB","PstI.TP935651",4,66370793,1.54205548347047e-05
"116","FD_50","pLARmEB","PstI.TP532426",7,64966356,1.13631829766731e-06
"116","FD_50","pLARmEB","PstI.TP1159423",11,8140,2.79383015136253e-09
"116","FD_50","ISIS EM-BLASSO","PstI.TP935651",4,66370793,3.88150365990649e-05
"116","FD_50","ISIS EM-BLASSO","PstI.TP532426",7,64966356,2.05021780120198e-08
"116","FD_50","ISIS EM-BLASSO","PstI.TP1159423",11,8140,7.0194001396958e-08
