"SNP.N","Trait.name","Method","SNP","Chromosome","Position","P.value"
"116","FM_1","mrMLM","PstI.TP532426",7,64966356,5.31173010588165e-05
"116","FM_1","mrMLM","PstI.TP1159423",11,8140,1.34025056814822e-05
"116","FM_1","FASTmrMLM","PstI.TP360841",2,2832783,0.000120337227118268
"116","FM_1","FASTmrEMMA","PstI.TP1159423",11,8140,1.94849815992271e-05
"116","FM_1","FASTmrEMMA","NsiI.TP66747",11,9923,0.000138324783771467
"116","FM_1","ISIS EM-BLASSO","PstI.TP96410",3,4423816,7.90678627999825e-06
"116","FM_1","ISIS EM-BLASSO","PstI.TP935651",4,66370793,1.75145909941338e-05
"116","FM_1","ISIS EM-BLASSO","PstI.TP1107519",9,3315165,4.85400254834487e-05
"116","FM_1","ISIS EM-BLASSO","PstI.TP444076",11,3404,6.51328377182316e-07
