"SNP.N","Trait.name","Method","SNP","Chromosome","Position","P.value"
"116","fprind","SUPER","PstI.TP85647",10,60886778,3.9886896883547e-05
"116","fprind","SUPER","PstI.TP217258",3,3992070,8.62354107853123e-05
"116","fprind","SUPER","NsiI.TP533643",3,471619,1.85683691997773e-05
"116","fprind","SUPER","NsiI.TP45036",3,389776,1.85683691995351e-05
"116","fprind","SUPER","NsiI.TP502976",3,7719502,2.13179176721085e-05
"116","fprind","SUPER","PstI.TP168720",4,64338756,6.58385194784904e-05
