"SNP.N","Trait.name","Method","SNP","Chromosome","Position","P.value"
"116","FW_1","SUPER","PstI.TP85647",10,60886778,1.32795427211798e-06
"116","FW_1","SUPER","PstI.TP217258",3,3992070,0.000111867033008828
"116","FW_1","SUPER","NsiI.TP533643",3,471619,3.66614168389108e-05
"116","FW_1","SUPER","NsiI.TP45036",3,389776,3.66614168390274e-05
"116","FW_1","SUPER","NsiI.TP575618",7,3778581,0.000119265737552033
"116","FW_1","SUPER","PstI.TP576366",2,375350,4.45687499777675e-05
"116","FW_1","SUPER","PstI.TP1000873",7,57426488,5.87478392653147e-05
"116","FW_1","SUPER","NsiI.TP502976",3,7719502,5.48762047813564e-05
"116","FW_1","SUPER","PstI.TP168720",4,64338756,4.00032139097232e-05
