"SNP.N","Trait.name","Method","SNP","Chromosome","Position","P.value"
"116","GFW_1","SUPER","PstI.TP85647",10,60886778,5.34464322673396e-07
"116","GFW_1","SUPER","NsiI.TP533643",3,471619,5.27030469647868e-05
"116","GFW_1","SUPER","NsiI.TP45036",3,389776,5.27030469643237e-05
"116","GFW_1","SUPER","PstI.TP576366",2,375350,5.45497796636845e-05
"116","GFW_1","SUPER","NsiI.TP502976",3,7719502,8.47961727709349e-05
"116","GFW_1","SUPER","PstI.TP168720",4,64338756,5.97909660297103e-05
