"SNP.N","Trait.name","Method","SNP","Chromosome","Position","P.value"
"116","HD_1","SUPER","PstI.TP85647",10,60886778,5.83990942993136e-07
"116","HD_1","SUPER","PstI.TP217258",3,3992070,3.06851817149753e-05
"116","HD_1","SUPER","NsiI.TP533643",3,471619,1.81657316607936e-05
"116","HD_1","SUPER","NsiI.TP45036",3,389776,1.81657316607524e-05
"116","HD_1","SUPER","PstI.TP1000873",7,57426488,5.62127776311871e-05
"116","HD_1","SUPER","NsiI.TP502976",3,7719502,2.35898208657985e-05
"116","HD_1","SUPER","PstI.TP168720",4,64338756,9.15155880035432e-05
