"SNP.N","Trait.name","Method","SNP","Chromosome","Position","P.value"
"116","HM_1","mrMLM","PstI.TP457393",1,60097068,0.000109879582348129
"116","HM_1","mrMLM","PstI.TP360841",2,2832783,6.82969013400422e-06
"116","HM_1","mrMLM","NsiI.TP436966",3,208286,0.000146304943245251
"116","HM_1","FASTmrMLM","PstI.TP457393",1,60097068,9.62276766092399e-05
"116","HM_1","FASTmrMLM","NsiI.TP66747",11,9923,4.50920520875653e-05
"116","HM_1","FASTmrEMMA","PstI.TP1159423",11,8140,3.09100708126162e-06
"116","HM_1","pLARmEB","PstI.TP532426",7,64966356,2.42325992409255e-05
"116","HM_1","pLARmEB","PstI.TP1159423",11,8140,9.6338526614235e-05
"116","HM_1","ISIS EM-BLASSO","PstI.TP532426",7,64966356,0.000104447969119336
