CV,Effect
1,4.3877034913745
2,4.32187815246518
3,4.03665987027546
4,3.87915259311246
5,4.05560308329604
6,3.99360540583925
7,3.71869841217508
8,4.54433390019634
