CV,Effect
1,-151.377720310018
2,-149.877437593299
3,-149.064108580227
4,-152.879031154152
5,-148.968199063253
6,-151.586576603855
7,-150.425711222015
8,-149.222226347381
