CV,Effect
1,-13.0188976791469
2,-12.3622836064642
3,-12.2395524101885
4,-13.5136612745373
5,-12.1791470767785
6,-13.1288876376711
7,-13.0126343802076
8,-12.0006477181378
