CV,Effect
1,22.4164318977217
2,22.6000786184786
3,22.9054311032425
4,22.7154761084274
5,21.6759232781932
6,22.5159430830667
7,21.5999440315006
8,23.1144214712037
