CV,Effect
1,-38.8064324688821
2,-40.3802352359635
3,-41.8030924928244
4,-41.136667454266
5,-43.1227554955767
6,-41.3510817291972
7,-39.4061957024169
8,-42.2073312443754
