CV,Effect
1,815.70082531801
2,815.184545622731
3,810.88245306172
4,823.309848658639
5,815.75257022497
6,817.422246917718
7,819.087288693547
8,818.203868046017
