CV,Effect
1,-7312.5503407619
2,-7258.43460999848
3,-7240.97441248968
4,-7317.46947864001
5,-7255.11515653436
6,-7312.49060631427
7,-7292.63578943117
8,-7242.73294775607
