CV,Effect
1,-179.442154696488
2,-179.458258697836
3,-178.52606123584
4,-181.250240660913
5,-177.950952665102
6,-180.314871989693
7,-179.191482589784
8,-178.441380434786
