CV,Effect
1,-496.108110566885
2,-495.640377859352
3,-493.660168752249
4,-500.199412704882
5,-490.729250435281
6,-499.653288867034
7,-487.925656726788
8,-491.993751621194
