CV,Effect
1,-39.4946807328997
2,-38.6591893048972
3,-38.0679352268598
4,-39.4839889965879
5,-37.4621358900295
6,-39.4671090955126
7,-37.3312117090099
8,-38.4193423683282
