CV,Effect
1,-168.706442613147
2,-168.160073422834
3,-167.603546974766
4,-170.197454424902
5,-167.264619197987
6,-169.396229250626
7,-168.270096122083
8,-167.048290286359
