CV,Effect
1,-74.9543458099761
2,-74.2683663427379
3,-73.8632873759561
4,-75.0876677148117
5,-73.8391528458596
6,-74.8677998171188
7,-74.4674740228438
8,-73.9249094709412
