CV,Effect
1,-262.629599108666
2,-261.330213843306
3,-260.323988931123
4,-265.021942786843
5,-258.814102878925
6,-263.382494601508
7,-261.266273009955
8,-259.273460674653
