"","ID","Method","Trait.name","SNP","Chromosome","Position","P.value"
"1",1,"SUPER","FM_1","PstI.TP14467",10,3103147,0.00000317358607588348
"2",2,"SUPER","FM_1","PstI.TP631928",11,4437,0.00000314959940341224
"3",3,"SUPER","FM_1","PstI.TP1165702",11,8193,0.00000164561403623457
"4",4,"SUPER","FM_1","PstI.TP318338",3,67023794,0.000000770621518726748
