"","SNP","Chromosome","Position","GLM.HM_50.","MLM.HM_50.","CMLM.HM_50.","SUPER.HM_50.","rrBLUP.HM_50","Adj.P.GLM.HM_50.","Adj.P.MLM.HM_50.","Adj.P.CMLM.HM_50.","Adj.P.SUPER.HM_50.","Adj.P.rrBLUP.HM_50"
"19240","NsiI.TP701971",11,17760,0.000454563057189494,0.000981188496595428,0.000981188496595428,3.40377408845298e-07,0.434477789064805,0.374325335963722,0.998611475514626,0.998611475514626,0.0122835399304091,1
