"ID","Trait.name","Method","SNP","Chromosome","Position","P.value"
1,"CCirc_cm","SUPER","NsiI.TP722177",11,18024,0.00000230171969519241
2,"CCirc_cm","SUPER","PstI.TP410557",4,60353279,0.000000944848045268919
3,"CCirc_cm","SUPER","PstI.TP687359",7,64303520,0.000000688384164247988
