"ID","Trait.name","Method","SNP","Chromosome","Position","P.value"
1,"Cml_cm","SUPER","NsiI.TP696604",1,6941882,0.00000653462449791898
2,"Cml_cm","SUPER","NsiI.TP27091",11,9422,0.000000623493943820942
3,"Cml_cm","SUPER","NsiI.TP229027",11,11698,0.000000180798149655618
4,"Cml_cm","SUPER","NsiI.TP318460",11,12617,0.00000307049950033742
5,"Cml_cm","SUPER","PstI.TP529013",7,3866800,0.00000311069677974166
6,"Cml_cm","SUPER","PstI.TP1155358",7,61684580,0.00000266606324269275
