"ID","Trait.name","Method","SNP","Chromosome","Position","P.value"
1,"FM_1","SUPER","PstI.TP14467",10,3103147,0.00000317358607588348
2,"FM_1","SUPER","PstI.TP631928",11,4437,0.00000314959940341224
3,"FM_1","SUPER","PstI.TP1165702",11,8193,0.00000164561403623457
4,"FM_1","SUPER","PstI.TP318338",3,67023794,0.000000770621518726748
