"ID","Trait.name","Method","SNP","Chromosome","Position","P.value"
1,"fprinW","SUPER","NsiI.TP469911",1,72682614,0.00000237350193227339
2,"fprinW","SUPER","PstI.TP989816",11,6875,0.00000207704035318791
3,"fprinW","SUPER","PstI.TP1165702",11,8193,0.00000409323321241958
4,"fprinW","SUPER","NsiI.TP689875",11,17622,0.00000225184108640542
