"ID","Trait.name","Method","SNP","Chromosome","Position","P.value"
1,"FW_50","SUPER","NsiI.TP469911",1,72682614,0.00000231626980980457
2,"FW_50","SUPER","PstI.TP989816",11,6875,0.00000235674793190674
3,"FW_50","SUPER","PstI.TP1165702",11,8193,0.00000366070396392112
4,"FW_50","SUPER","NsiI.TP689875",11,17622,0.00000191143932296005
