"Trait.name","Method","SNP","Chromosome","Position","P.value"
"GFW_50","mrMLM","NsiI.TP821811",4,48427329,0.000000000912454043332376
"GFW_50","mrMLM","PstI.TP133136",5,65324990,0.000126658400716601
"GFW_50","mrMLM","NsiI.TP834285",5,52986053,0.0000107063392331669
"GFW_50","mrMLM","NsiI.TP825923",6,52448208,0.00000330297282062134
"GFW_50","mrMLM","PstI.TP198419",7,2405340,0.000172830744200328
"GFW_50","mrMLM","NsiI.TP607068",8,1666575,0.0000108754691303086
"GFW_50","ISIS EM-BLASSO","NsiI.TP245163",5,55180573,0.000131008658625703
"GFW_50","ISIS EM-BLASSO","PstI.TP1053561",11,7316,0.0000233130985741803
