"","SNP","Chromosome","Position","GLM.CmDW_g","MLM.CmDW_g","CMLM.CmDW_g","SUPER.CmDW_g","rrBLUP.CmDW_g","Adj.P.GLM.CmDW_g","Adj.P.MLM.CmDW_g","Adj.P.CMLM.CmDW_g","Adj.P.SUPER.CmDW_g","Adj.P.rrBLUP.CmDW_g"
"20432","NsiI.TP267424",2,445451,0.0000139194058477248,0.000075411103279782,0.0000708307718915608,0.000000551761228700687,0.134549416039075,0.155661620698472,0.527549266003331,0.686950358419057,0.0199119592213504,1
"34569","PstI.TP723544",9,1942972,0.216805480877479,0.109855374109526,0.135310743071377,0.6348097000755,0.0000000921680280093793,0.81324779891714,0.890973985521265,0.945271261168348,0.927693612187158,0.00332615979480248
