CV,Effect
1,-68.4622825412189
2,-69.8417069354218
3,-71.3231435293274
4,-70.0696176071251
5,-71.7545844484375
6,-70.924802392874
7,-69.0158397115774
8,-71.8053743571472
