CV,Effect
1,-10.1002438411779
2,-10.2965428992993
3,-10.2840972971062
4,-10.4187517305145
5,-10.1795846889254
6,-10.2997248657757
7,-10.4425885851815
8,-9.86841010834905
