CV,Effect
1,-183.321354116808
2,-182.215375527398
3,-181.288061540763
4,-184.105314642169
5,-181.396370358692
6,-183.824122932572
7,-184.980630810212
8,-181.221964775235
