CV,Effect
1,-25.5003865784893
2,-25.0103549689848
3,-24.8337432914268
4,-25.7656234220776
5,-24.8823005287086
6,-25.7249238497607
7,-26.4545939428608
8,-24.4692952893056
