CV,Effect
1,-199.490646529237
2,-199.867630175708
3,-198.93445146094
4,-200.958296928904
5,-198.69978158328
6,-200.647309856307
7,-200.926764054835
8,-198.585431342937
