CV,Effect
1,992.032164610762
2,991.721545619232
3,987.818111670495
4,996.47979141225
5,989.730603351043
6,993.363033208221
7,997.869691099477
8,994.077906717928
