CV,Effect
1,11.490807718146
2,13.6910611590997
3,13.2946331017997
4,13.4713952468585
5,13.2621012991295
6,13.2851567182763
7,14.5796150939887
8,13.0539222543453
