CV,Effect
1,-285.003507498521
2,-284.036171625703
3,-282.979761577764
4,-286.323853238733
5,-281.698622373369
6,-286.03091855692
7,-286.670402558972
8,-281.570913322808
