CV,Effect
1,-243.827035288792
2,-245.028314493771
3,-243.098611385241
4,-244.557369677612
5,-241.725010692666
6,-249.415615789738
7,-245.776583487226
8,-240.412230356131
