CV,Effect
1,-28.8247438709121
2,-28.2965977511874
3,-27.4573947694681
4,-28.1218610666034
5,-27.5269511846421
6,-28.5627784664061
7,-28.7095139173867
8,-28.2617335114478
