CV,Effect
1,-196.201141179969
2,-195.79403526635
3,-195.14813854047
4,-197.128790265437
5,-194.590225938853
6,-197.018987650932
7,-197.302125017763
8,-194.524179182532
