CV,Effect
1,-76.095299630495
2,-75.6159395169343
3,-75.20623843664
4,-75.8428543203736
5,-75.4515874502504
6,-76.185057417908
7,-76.7869810050906
8,-75.1452147388591
