Number of PCs/Covariates,BIC (larger is better) - Schwarz 1978,log Likelihood Function Value
0,-132.016454073775,-124.835216459602
1,-133.307997168321,-123.733013682757
2,-134.215071925124,-122.246342568168
3,-136.240147816034,-121.877672587688
