Number of PCs/Covariates,BIC (larger is better) - Schwarz 1978,log Likelihood Function Value
0,-57.6280437803902,-50.4976584937306
1,-59.7047837055281,-50.1976033233154
2,-61.4636658314727,-49.5796903537068
3,-62.6298813494335,-48.3691107761144
