Number of PCs/Covariates,BIC (larger is better) - Schwarz 1978,log Likelihood Function Value
0,70.9213229968778,78.0517082835374
1,68.7875619784179,78.2947423606306
2,66.7957623958442,78.6797378736101
3,65.3951062772539,79.655876850573
