Number of PCs/Covariates,BIC (larger is better) - Schwarz 1978,log Likelihood Function Value
0,394.790107054838,401.920492341498
1,392.583460963028,402.09064134524
2,390.449178817467,402.333154295233
3,388.348856300631,402.60962687395
