Number of PCs/Covariates,BIC (larger is better) - Schwarz 1978,log Likelihood Function Value
0,225.552567708616,232.682952995276
1,223.387711809878,232.894892192091
2,221.220329713135,233.104305190901
3,219.079950979335,233.340721552654
