Number of PCs/Covariates,BIC (larger is better) - Schwarz 1978,log Likelihood Function Value
0,-573.434727695144,-566.204305346737
1,-574.957850259965,-565.317287128755
2,-576.399180136274,-564.348476222261
3,-578.678505872095,-564.217661175279
