Number of PCs/Covariates,BIC (larger is better) - Schwarz 1978,log Likelihood Function Value
0,222.746395842318,229.876781128978
1,220.589802925498,230.096983307711
2,218.483261988223,230.367237465989
3,216.459546970715,230.720317544034
