Number of PCs/Covariates,BIC (larger is better) - Schwarz 1978,log Likelihood Function Value
0,887.556256290077,894.762287857176
1,885.56963734846,895.177679437926
2,883.384768632509,895.394821244342
3,884.389172102859,898.801235237059
