Number of PCs/Covariates,BIC (larger is better) - Schwarz 1978,log Likelihood Function Value
0,257.015383840979,264.145769127638
1,254.878651270459,264.385831652672
2,252.771685985545,264.655661463311
3,250.696142009647,264.956912582966
