Number of PCs/Covariates,BIC (larger is better) - Schwarz 1978,log Likelihood Function Value
0,-80.0202978763566,-72.789875527949
1,-81.649490515128,-72.008927383918
2,-83.2297683213521,-71.1790644073395
3,-85.5946974208803,-71.1338527240652
