Number of PCs/Covariates,BIC (larger is better) - Schwarz 1978,log Likelihood Function Value
0,-577.28105380608,-570.07502223898
1,-579.680397201539,-570.072355112072
2,-581.917473724146,-569.907421112313
3,-584.317657098566,-569.905593964366
