Number of PCs/Covariates,BIC (larger is better) - Schwarz 1978,log Likelihood Function Value
0,-32.5859157699417,-25.3554934215341
1,-33.965671174135,-24.3251080429249
2,-35.0655495743148,-23.0148456603022
3,-36.8937626917543,-22.4329179949392
