Number of PCs/Covariates,BIC (larger is better) - Schwarz 1978,log Likelihood Function Value
0,305.461848990299,312.592234276959
1,303.299661162868,312.806841545081
2,301.177445284093,313.061420761859
3,299.168849464072,313.429620037391
