Number of PCs/Covariates,BIC (larger is better) - Schwarz 1978,log Likelihood Function Value
0,264.180963659688,271.311348946348
1,262.038819289468,271.54599967168
2,260.006480274348,271.890455752114
3,258.060508029663,272.321278602982
