Number of PCs/Covariates,BIC (larger is better) - Schwarz 1978,log Likelihood Function Value
0,-181.087403667442,-173.957018380783
1,-181.676327888963,-172.16914750675
2,-184.020379036475,-172.136403558709
3,-186.617917367623,-172.357146794304
