Number of PCs/Covariates,BIC (larger is better) - Schwarz 1978,log Likelihood Function Value
0,85.8605973750456,93.0910197234531
1,83.607607461853,93.2481705930631
2,81.2499712270938,93.3006751411064
3,78.877509131492,93.3383538283072
