Number of PCs/Covariates,BIC (larger is better) - Schwarz 1978,log Likelihood Function Value
0,422.71587289462,429.84625818128
1,420.502461328786,430.009641710999
2,418.348872211017,430.232847688783
3,416.203724044846,430.464494618165
