Number of PCs/Covariates,BIC (larger is better) - Schwarz 1978,log Likelihood Function Value
0,-122.12517424127,-115.034092513202
1,-122.324346464778,-112.869570827353
2,-125.321640738415,-113.503171191635
3,-127.886182941069,-113.704019484932
