Number of PCs/Covariates,BIC (larger is better) - Schwarz 1978,log Likelihood Function Value
0,-57.1314076829756,-49.900985334568
1,-58.2058476684146,-48.5652845372045
2,-60.010839805761,-47.9601358917484
3,-62.1179616453056,-47.6571169484905
