Number of PCs/Covariates,BIC (larger is better) - Schwarz 1978,log Likelihood Function Value
0,-51.4282759805005,-43.8826190984118
1,-52.9148045942761,-42.8539287514912
2,-55.2098581268323,-42.6337633233512
3,-57.195698309918,-42.1043845457407
