Number of PCs/Covariates,BIC (larger is better) - Schwarz 1978,log Likelihood Function Value
0,-201.292175862835,-194.061753514428
1,-201.577653435254,-191.937090304044
2,-202.827794234415,-190.777090320403
3,-204.528359851544,-190.067515154729
