CV,Effect
1,17.3515755046155
2,17.0762964264604
3,17.0404272270835
4,17.3676522117348
5,17.2223262425514
6,16.811141028641
7,16.2911558134174
8,17.1931201522448
