CV,Effect
1,14.2346016273598
2,14.0707830359943
3,14.7035207729125
4,14.1274656564077
5,13.9628450476991
6,14.4246930260315
7,13.971991344406
8,15.6585302892575
