CV,Effect
1,-3.20764644740763
2,-3.8208116922824
3,-2.30595608942987
4,-4.76160508789763
5,-2.18371962288525
6,-4.10273764106225
7,-4.78962521190132
8,-3.1859818520063
