CV,Effect
1,9.8492814063853
2,9.67275285709715
3,9.71020324867698
4,9.56026840538394
5,9.64442756170374
6,9.599763796015
7,9.63883193797093
8,13.8137120436456
