CV,Effect
1,-46.6349480363923
2,-46.9857989794639
3,-47.5816016313179
4,-47.9414470571882
5,-49.0546466849381
6,-49.1375819916374
7,-49.551705078046
8,-48.218736336684
