CV,Effect
1,-0.312483936978957
2,-0.370074937682631
3,-0.419396873348678
4,-0.454405277608583
5,-0.39907517392724
6,-0.427548700052345
7,-0.379644093297955
8,-0.713164439765329
