CV,Effect
1,477.048707529655
2,477.130362548422
3,474.257670003251
4,482.062836064521
5,477.372653333194
6,478.709923310736
7,485.625353374089
8,479.563711676012
