"SNP.N","Trait.name","Method","SNP","Chromosome","Position","P.value"
"135","OWA","mrMLM","PstI.TP701371",1,9558859,0.000128591422326658
"135","OWA","mrMLM","NsiI.TP440500",9,59299455,5.98443287452738e-06
"135","OWA","FASTmrMLM","NsiI.TP440500",9,59299455,6.29361250388545e-06
"135","OWA","pKWmEB","PstI.TP701371",1,9558859,2.21717513777523e-06
"135","OWA","pKWmEB","PstI.TP1246584",1,1015480,1.99021502227933e-05
"135","OWA","pKWmEB","NsiI.TP624872",4,60455775,3.41428680757969e-05
"135","OWA","pKWmEB","PstI.TP862620",9,56791733,1.38420368156874e-05
"135","OWA","ISIS EM-BLASSO","NsiI.TP440500",9,59299455,3.52452016775863e-06
