"","ID","Method","Trait.name","SNP","Chromosome","Position","P.value"
"1",1,"SUPER","fprinW","NsiI.TP469911",1,72682614,0.00000237350193227339
"2",2,"SUPER","fprinW","PstI.TP989816",11,6875,0.00000207704035318791
"3",3,"SUPER","fprinW","PstI.TP1165702",11,8193,0.00000409323321241958
"4",4,"SUPER","fprinW","NsiI.TP689875",11,17622,0.00000225184108640542
