"","SNP","Chromosome","Position","GLM.fprinW","MLM.fprinW","CMLM.fprinW","SUPER.fprinW","rrBLUP.fprinW","Adj.P.GLM.fprinW","Adj.P.MLM.fprinW","Adj.P.CMLM.fprinW","Adj.P.SUPER.fprinW","Adj.P.rrBLUP.fprinW"
"3051","NsiI.TP469911",1,72682614,0.0105126191676207,0.0152469376318193,0.0152469376318193,0.00000237350193227339,0.867536877156928,0.31867089339062,0.999405790254995,0.999405790254995,0.0285516459106274,1
"11287","PstI.TP989816",11,6875,0.0080579501740851,0.0180644405613638,0.0180644405613638,0.00000207704035318791,1,0.297843122105424,0.999405790254995,0.999405790254995,0.0285516459106274,1
"12296","PstI.TP1165702",11,8193,0.00175794107012401,0.000470939072915395,0.000470939072915395,0.00000409323321241958,0.720995146080592,0.24148827263487,0.985688957913395,0.985688957913395,0.0369291500424495,1
"19142","NsiI.TP689875",11,17622,0.0000508757511215233,0.00072982748654722,0.00072982748654722,0.00000225184108640542,1,0.200872018224461,0.985688957913395,0.985688957913395,0.0285516459106274,1
