Number of PCs/Covariates,BIC (larger is better) - Schwarz 1978,log Likelihood Function Value
0,-170.883433452269,-163.653011103862
1,-173.282840946267,-163.642277815057
2,-174.496675161336,-162.445971247324
3,-173.114622877147,-158.653778180332
