Number of PCs/Covariates,BIC (larger is better) - Schwarz 1978,log Likelihood Function Value
0,-324.407455041437,-317.290056848892
1,-326.480519275937,-316.990655019211
2,-328.175482929433,-316.313152608524
3,-328.751017328953,-314.516220943864
