Number of PCs/Covariates,BIC (larger is better) - Schwarz 1978,log Likelihood Function Value
0,-188.639762875482,-181.548681147414
1,-187.818750304157,-178.363974666732
2,-189.238043810945,-177.419574264164
3,-192.467161876943,-178.284998420805
