Number of PCs/Covariates,BIC (larger is better) - Schwarz 1978,log Likelihood Function Value
0,-137.362166346798,-130.13174399839
1,-137.069255021968,-127.428691890758
2,-138.638211867628,-126.587507953615
3,-140.66070199473,-126.199857297915
