Number of PCs/Covariates,BIC (larger is better) - Schwarz 1978,log Likelihood Function Value
0,-150.408842038417,-143.17841969001
1,-150.637056991095,-140.996493859885
2,-151.449887096639,-139.399183182626
3,-153.693997657547,-139.233152960732
