Number of PCs/Covariates,BIC (larger is better) - Schwarz 1978,log Likelihood Function Value
0,-247.599225349298,-240.368803000891
1,-248.50419978026,-238.86363664905
2,-250.695421669503,-238.64471775549
3,-253.002345890915,-238.5415011941
