Number of PCs/Covariates,BIC (larger is better) - Schwarz 1978,log Likelihood Function Value
0,-91.8120014565612,-84.5815791081537
1,-93.3600179853816,-83.7194548541716
2,-95.6296991015915,-83.5789951875789
3,-97.3207023989081,-82.8598577020929
