Number of PCs/Covariates,BIC (larger is better) - Schwarz 1978,log Likelihood Function Value
0,-123.042564589212,-115.912179302553
1,-125.177206630129,-115.670026247916
2,-127.173392863447,-115.289417385681
3,-128.313879449135,-114.053108875815
