SNP,Chromosome,Position,P.value,maf,effect
PstI.TP629259,1, 4276027,0.00877610568480066,NA,-0.22483997479189
PstI.TP947391,1, 4891496,0.0021949033589425,NA,0.62651260580213
PstI.TP770895,1,13263569,0.00412078173220398,NA,0.369341501756034
PstI.TP288641,1,27158173,0.00959275997330165,NA,-0.465143332270055
PstI.TP457393,1,60097068,0.00241650915384162,NA,-0.260004122502641
PstI.TP360841,2, 2832783,0.00238969167297774,NA,0.29345343631726
PstI.TP548709,2,61335066,0.000943664548813316,NA,0.456829531631557
PstI.TP641744,2,61738293,0.00897291492439772,NA,-0.221942319093932
PstI.TP96410,3, 4423816,0.00244748368196203,NA,0.284200205980118
PstI.TP325958,3,54129415,0.00870850833465442,NA,-0.209809680408268
PstI.TP985838,3,58380810,0.00460434097861306,NA,-0.433633687892666
PstI.TP1022061,3,61377198,0.00429352928688766,NA,0.303507745509127
PstI.TP770204,3,67523376,0.00892631368544813,NA,-0.419439864879525
PstI.TP708955,4, 2043677,0.00606567678735023,NA,0.353719168200381
PstI.TP1059365,4, 3535002,0.00315443372705437,NA,0.85259363788042
PstI.TP152056,5,64031521,0.00577015833297566,NA,0.501014827345519
NsiI.TP95031,6,54950661,0.00354595937799104,NA,-0.773385706034664
PstI.TP532426,7,64966356,0.00583197940897144,NA,0.203328059387998
PstI.TP1118313,8, 3139823,0.00727246383418049,NA,-0.229425552175419
PstI.TP809778,10, 8543510,0.00741452201121081,NA,0.667173268021158
PstI.TP112609,11,     932,0.00513058181531422,NA,0.301498811086079
PstI.TP490779,11,    3725,0.00123838177255901,NA,0.519792770172168
PstI.TP521411,11,    3897,0.00731902995474728,NA,-0.483165381924964
PstI.TP552710,11,    4086,0.00938418591225378,NA,0.761542331965209
PstI.TP938416,11,    6563,0.00299670024799427,NA,-0.469050581642651
PstI.TP1071296,11,    7466,0.00083812136792864,NA,0.354877508147222
PstI.TP1124649,11,    7892,0.00279162958692903,NA,-0.422839776505704
PstI.TP1159423,11,    8140,0.000909614432650335,NA,0.290665841986151
NsiI.TP66747,11,    9923,0.0039202632123879,NA,0.604469162563694
NsiI.TP469220,11,   14746,0.00949028238378046,NA,-0.534421460099545
NsiI.TP560012,11,   16067,0.00147339804417123,NA,-0.274782035899106
