SNP,Chromosome,Position,P.value,maf,effect
PstI.TP629259,1, 4276027,0.00896577490318901,NA,-0.0237752551428589
PstI.TP947391,1, 4891496,0.00179138678391334,NA,0.0675548588642663
PstI.TP419952,1,13194145,0.00874206216310046,NA,-0.0533475169077706
PstI.TP770895,1,13263569,0.00421767432058388,NA,0.0390638747034801
PstI.TP288641,1,27158173,0.00969328040219336,NA,-0.0492467449075482
PstI.TP457393,1,60097068,0.00199832150943078,NA,-0.0280133690866801
PstI.TP360841,2, 2832783,0.00199095186214857,NA,0.0315963948414433
PstI.TP548709,2,61335066,0.000828958718256709,NA,0.0488847834128625
PstI.TP641744,2,61738293,0.00849451825291831,NA,-0.0236759658619398
PstI.TP96410,3, 4423816,0.00239650635130194,NA,0.0301822671698161
PstI.TP325958,3,54129415,0.00752258135432953,NA,-0.0226122548546704
PstI.TP985838,3,58380810,0.00416486317322657,NA,-0.0464232716882033
PstI.TP1036003,3,59881138,0.00895728636515732,NA,0.0903410880843705
PstI.TP1022061,3,61377198,0.00316935887094939,NA,0.0331133449667346
PstI.TP770204,3,67523376,0.00766054445231295,NA,-0.0452426424641996
PstI.TP708955,4, 2043677,0.00528289019947048,NA,0.0380391347638186
PstI.TP1059365,4, 3535002,0.00259801645714678,NA,0.0919729258583144
PstI.TP25299,5,63419016,0.00947509024893059,NA,0.0521285100082656
PstI.TP152056,5,64031521,0.00494482724965492,NA,0.0539590230491353
NsiI.TP95031,6,54950661,0.00285101454944436,NA,-0.0836446165499126
PstI.TP532426,7,64966356,0.005755922737423,NA,0.0215834767426544
PstI.TP1118313,8, 3139823,0.00665957942748871,NA,-0.0245550503818286
NsiI.TP502082,10, 1262753,0.00959500257198205,NA,-0.0635109597279612
PstI.TP809778,10, 8543510,0.00654725175799492,NA,0.0716906276375361
PstI.TP9218,11,      63,0.00871606421390142,NA,0.0354494063755969
PstI.TP112609,11,     932,0.00473958895266845,NA,0.0322171900269749
PstI.TP490779,11,    3725,0.000931374568511895,NA,0.0562920977515703
PstI.TP521411,11,    3897,0.00596702916258699,NA,-0.0523583973308
PstI.TP552710,11,    4086,0.00946628011013474,NA,0.080644612250248
PstI.TP938416,11,    6563,0.00243327315963761,NA,-0.0506523219429422
PstI.TP1071296,11,    7466,0.000751363536885398,NA,0.0379136664839135
PstI.TP1124649,11,    7892,0.00401989397555425,NA,-0.0433294592365527
PstI.TP1159423,11,    8140,0.000963788120491719,NA,0.0306823079805453
NsiI.TP66747,11,    9923,0.00395981708312309,NA,0.0640154018284396
NsiI.TP469220,11,   14746,0.00820824171790062,NA,-0.0576092457034568
NsiI.TP560012,11,   16067,0.00131598415465807,NA,-0.0293883360023483
