SNP,Chromosome,Position,P.value,maf,effect
PstI.TP856852,1, 1153760,0.00635545405585968,NA,-0.007462359623088
PstI.TP947391,1, 4891496,0.00426413986216577,NA,-0.0122965605317234
PstI.TP288641,1,27158173,0.00942391679908689,NA,-0.00847898362601412
PstI.TP457393,1,60097068,0.00516376061028737,NA,-0.00380052936089197
PstI.TP245404,1,79960134,6.6661977272435e-05,NA,-0.00722597277244955
PstI.TP249296,2,57415075,0.000201742414640526,NA,-0.00862424315199626
PstI.TP721827,2,58288607,0.00500911873706508,NA,0.0057479382070236
PstI.TP513843,3, 2577255,0.00108260905632971,NA,-0.00446597914734517
NsiI.TP642960,3,68906982,0.00178393446986342,NA,0.0139810794126354
PstI.TP1059365,4, 3535002,1.78479694036371e-05,NA,0.0315479807863456
PstI.TP1169104,4,19508414,0.00144411500927181,NA,0.00528794935463677
PstI.TP31970,4,61637545,0.00622688773908004,NA,-0.0123723665612373
PstI.TP850689,6,49449385,0.00121401518714397,NA,0.0135756826980622
PstI.TP862004,7,62011344,0.00537530022560269,NA,-0.0112332521601689
PstI.TP532426,7,64966356,9.71807943729217e-06,NA,0.00574118854449249
NsiI.TP820289,8,57687842,0.00253194987440043,NA,0.00454658796257419
PstI.TP1104589,9,56629291,0.0055557205312766,NA,-0.00409401856012437
PstI.TP201653,11,    1648,0.00711452330047542,NA,-0.0135095644443052
PstI.TP403269,11,    3130,0.00137484248408824,NA,-0.00582336314529452
PstI.TP494133,11,    3744,0.0081314991679405,NA,0.00727014869384837
PstI.TP679776,11,    4711,0.00937265423897668,NA,0.0104024190816627
PstI.TP720017,11,    4972,0.00885969103177011,NA,0.0112153579857182
PstI.TP1159423,11,    8140,9.30668600746548e-06,NA,0.00691341756122713
NsiI.TP433717,11,   14120,0.00390964467537995,NA,-0.0127123316578664
NsiI.TP560012,11,   16067,0.00022092814595472,NA,-0.00561747912288084
