CV,Effect
1,4.17307522065767
2,4.08262951536381
3,4.10724815873527
4,3.88924739997401
5,4.40834558934603
6,4.20029964520745
7,4.13369285488079
8,4.31231834769551
