CV,Effect
1,13.4357172505843
2,13.0269341362327
3,13.1571389782512
4,12.2271551827471
5,14.3458777109554
6,13.4988832935742
7,13.2815567243342
8,13.9202521127518
