CV,Effect
1,0.874977235382175
2,0.85821983842709
3,0.862399969803391
4,0.827262371234156
5,0.913846911145583
6,0.878076347741853
7,0.869187019856099
8,0.895204040035651
