CV,Effect
1,0.30545961984626
2,0.267625187586646
3,0.28515683841897
4,0.204646490217328
5,0.368352557620938
6,0.30389244218577
7,0.288092480340538
8,0.341416415251615
