CV,Effect
1,16.5608572533019
2,15.9840203908534
3,16.1734690934718
4,14.9184749480119
5,17.7457968841445
6,16.6251496646728
7,16.3364164929772
8,17.1817479136262
