CV,Effect
1,0.533413521359762
2,0.501950791075387
3,0.512211169478405
4,0.442117367784476
5,0.613540903281773
6,0.54084148099264
7,0.523483820114052
8,0.579753289519658
