CV,Effect
1,0.304797502460417
2,0.295180761685344
3,0.297835961857686
4,0.282951364381972
5,0.320493559705881
6,0.304601620583867
7,0.300501296252492
8,0.31265643032674
