CV,Effect
1,2.02874722859315
2,1.95026030454028
3,1.97600096917131
4,1.81815594691761
5,2.18770285720484
6,2.03564116667258
7,1.99809049055648
8,2.11125233799385
