CV,Effect
1,3.97911257000396
2,3.90731275814778
3,3.92437597705793
4,3.74686110718812
5,4.17698936424313
6,4.00663626976529
7,3.94740277308665
8,4.10011232903071
