CV,Effect
1,0.454694143629979
2,0.445085718675841
3,0.447515318505737
4,0.427440059347418
5,0.476831000204641
6,0.456635059444295
7,0.45131229356997
8,0.466477789293322
