CV,Effect
1,11.2972932043558
2,9.94256337584011
3,9.40168157779044
4,9.59191682418168
5,10.1433326425577
6,9.58098881865226
7,9.12218435303657
8,10.8856808815617
