CV,Effect
1,0.167067448609941
2,0.140974842365154
3,0.150734209566508
4,0.100159364571255
5,0.212740799651442
6,0.166350924995641
7,0.15468881212837
8,0.190315661577529
