CV,Effect
1,1.75926808207714
2,1.69812852707628
3,1.71760132180452
4,1.5947234172595
5,1.88900448567983
6,1.76619810541888
7,1.73551299711607
8,1.827802874398
