CV,Effect
1,-186.929705374743
2,-188.581512519493
3,-189.111903048644
4,-192.470998601799
5,-188.420154761596
6,-189.913216995803
7,-190.40092996422
8,-186.333526483679
