CV,Effect
1,7.63483687911867
2,7.26456105301622
3,7.39690057344706
4,6.61584494062845
5,8.32166414664425
6,7.65648994054391
7,7.48532038105623
8,7.98567404631467
