CV,Effect
1,0.912788004209688
2,0.865339180302044
3,0.881989004594516
4,0.785784263025107
5,1.00061543750644
6,0.914686908602107
7,0.894089333117108
8,0.956672258377466
