CV,Effect
1,-163.940635108855
2,-164.671441859464
3,-165.058565717307
4,-167.003633018874
5,-164.37967083753
6,-166.217296749091
7,-166.902317156215
8,-162.500565426322
