CV,Effect
1,1.73961846531756
2,1.70600880297206
3,1.71374423648149
4,1.62807639575794
5,1.84064623036647
6,1.75122425769882
7,1.72699857715861
8,1.79442057849133
