CV,Effect
1,0.83814390561588
2,0.816896612828259
3,0.821350449476199
4,0.788215272719867
5,0.873489897927357
6,0.838651093592716
7,0.828111379688266
8,0.854918054017048
