CV,Effect
1,4.56168963685013
2,4.43612735021816
3,4.4708850945417
4,4.25806710698544
5,4.77218818123583
6,4.56320688744836
7,4.51179101413982
8,4.66991315090672
