CV,Effect
1,0.52496772553468
2,0.466671018476973
3,0.486504746730589
4,0.38096568096762
5,0.620049079850105
6,0.522742462212591
7,0.50065525298578
8,0.568906739841623
