CV,Effect
1,4.92033738690679
2,4.80101177011147
3,4.83052424779453
4,4.58968337167062
5,5.16728438625432
6,4.93790435852043
7,4.87287788815411
8,5.05008913470647
