CV,Effect
1,1.16456510851231
2,1.09372266101354
3,1.11635620245625
4,0.981112608907551
5,1.2992875687396
6,1.16800390239314
7,1.1367641631582
8,1.23266999998123
