"SNP.N","Trait.name","Method","SNP","Chromosome","Position","P.value"
"116","OWA","SUPER","NsiI.TP267317",1,63808055,3.09041955132736e-06
"116","OWA","SUPER","NsiI.TP403662",1,3957731,1.66218183075603e-09
"116","OWA","SUPER","PstI.TP461927",1,9014162,4.76556413101638e-06
"116","OWA","SUPER","NsiI.TP431746",3,70764675,1.14826269072205e-05
"116","OWA","SUPER","PstI.TP242731",3,28459042,9.36533307559086e-06
