"","ID","Trait.name","Method","SNP","Chromosome","Position","P.value"
"1",1,"GFW_50","mrMLM","NsiI.TP821811",4,48427329,0.000000000912454043332376
"2",2,"GFW_50","mrMLM","PstI.TP133136",5,65324990,0.000126658400716601
"3",3,"GFW_50","mrMLM","NsiI.TP834285",5,52986053,0.0000107063392331669
"4",4,"GFW_50","mrMLM","NsiI.TP825923",6,52448208,0.00000330297282062134
"5",5,"GFW_50","mrMLM","PstI.TP198419",7,2405340,0.000172830744200328
"6",6,"GFW_50","mrMLM","NsiI.TP607068",8,1666575,0.0000108754691303086
"7",7,"GFW_50","ISIS EM-BLASSO","NsiI.TP245163",5,55180573,0.000131008658625703
"8",8,"GFW_50","ISIS EM-BLASSO","PstI.TP1053561",11,7316,0.0000233130985741803
"9",9,"GFW_50","FarmCPU","NsiI.TP632002",1,70863814,0.000000000000003174078888383
"10",10,"GFW_50","FarmCPU","NsiI.TP602190",2,69281568,0.00000000780073039180785
"11",11,"GFW_50","FarmCPU","NsiI.TP222743",10,6819373,0.0000000624373815715387
"12",12,"GFW_50","FarmCPU","NsiI.TP728788",11,18071,0.000000000000000000888599113445894
